family	def1	def2	icd10_jaccard	source_jaccard	phecode_jaccard	mode_differs	conditions_differ	controls_differ	log_case_ratio	snomed_jaccard	snomed_hier_jaccard	snomed_n1	snomed_n2
Epilepsy	G6_EPLEPSY	FE	0.2727272727272727	0.6666666666666666	0.25	False	False	True	0.5228287686273466	0.1875	0.19047619047619047	16	3
Epilepsy	G6_EPLEPSY	FE_STRICT	0.2727272727272727	0.6666666666666666	0.25	False	True	True	0.6150386380705487	0.1875	0.19047619047619047	16	3
Epilepsy	G6_EPLEPSY	FE_MODE	0.2727272727272727	0.6666666666666666	0.25	True	False	True	0.6669668491621752	0.1875	0.19047619047619047	16	3
Epilepsy	G6_EPLEPSY	GE	0.0909090909090909	0.6666666666666666	0.25	False	False	True	2.2254228481858638	0.375	0.5	16	6
Epilepsy	G6_EPLEPSY	GE_STRICT	0.0909090909090909	0.6666666666666666	0.25	False	True	True	2.8859711002633803	0.375	0.5	16	6
Epilepsy	G6_EPLEPSY	GE_MODE	0.0909090909090909	0.6666666666666666	0.25	True	False	True	2.5390804070409048	0.375	0.5	16	6
Epilepsy	G6_EPLEPSY	G6_STATUSEPI	0.0	0.6666666666666666	0.25	False	False	False	2.4368015579204867	0.1111111111111111	0.3333333333333333	16	4
Epilepsy	FE	FE_STRICT	1.0	1.0	1.0	False	True	True	0.0922098694432019	1.0	1.0	3	3
Epilepsy	FE	FE_MODE	1.0	1.0	1.0	True	False	False	0.1441380805348285	1.0	1.0	3	3
Epilepsy	FE	GE	0.0	1.0	0.0	False	False	False	1.7025940795585168	0.0	0.07407407407407407	3	6
Epilepsy	FE	GE_STRICT	0.0	1.0	0.0	False	True	True	2.3631423316360336	0.0	0.07407407407407407	3	6
Epilepsy	FE	GE_MODE	0.0	1.0	0.0	True	False	False	2.0162516384135585	0.0	0.07407407407407407	3	6
Epilepsy	FE	G6_STATUSEPI	0.0	1.0	0.0	False	False	True	1.91397278929314	0.0	0.047619047619047616	3	4
Epilepsy	FE_STRICT	FE_MODE	1.0	1.0	1.0	True	True	True	0.0519282110916264	1.0	1.0	3	3
Epilepsy	FE_STRICT	GE	0.0	1.0	0.0	False	True	True	1.6103842101153147	0.0	0.07407407407407407	3	6
Epilepsy	FE_STRICT	GE_STRICT	0.0	1.0	0.0	False	True	True	2.270932462192832	0.0	0.07407407407407407	3	6
Epilepsy	FE_STRICT	GE_MODE	0.0	1.0	0.0	True	True	True	1.9240417689703564	0.0	0.07407407407407407	3	6
Epilepsy	FE_STRICT	G6_STATUSEPI	0.0	1.0	0.0	False	True	True	1.821762919849938	0.0	0.047619047619047616	3	4
Epilepsy	FE_MODE	GE	0.0	1.0	0.0	True	False	False	1.558455999023688	0.0	0.07407407407407407	3	6
Epilepsy	FE_MODE	GE_STRICT	0.0	1.0	0.0	True	True	True	2.219004251101205	0.0	0.07407407407407407	3	6
Epilepsy	FE_MODE	GE_MODE	0.0	1.0	0.0	False	False	False	1.8721135578787296	0.0	0.07407407407407407	3	6
Epilepsy	FE_MODE	G6_STATUSEPI	0.0	1.0	0.0	True	False	True	1.7698347087583115	0.0	0.047619047619047616	3	4
Epilepsy	GE	GE_STRICT	1.0	1.0	1.0	False	True	True	0.660548252077517	1.0	1.0	6	6
Epilepsy	GE	GE_MODE	1.0	1.0	1.0	True	False	False	0.3136575588550416	1.0	1.0	6	6
Epilepsy	GE	G6_STATUSEPI	0.0	1.0	0.0	False	False	True	0.2113787097346234	0.25	0.5217391304347826	6	4
Epilepsy	GE_STRICT	GE_MODE	1.0	1.0	1.0	True	True	True	0.3468906932224753	1.0	1.0	6	6
Epilepsy	GE_STRICT	G6_STATUSEPI	0.0	1.0	0.0	False	True	True	0.4491695423428935	0.25	0.5217391304347826	6	4
Epilepsy	GE_MODE	G6_STATUSEPI	0.0	1.0	0.0	True	False	True	0.1022788491204181	0.25	0.5217391304347826	6	4
Sleep	SLEEP	G6_SLEEPAPNO	0.0588235294117647	0.6666666666666666	0.1111111111111111	False	False	True	0.1345241316552441	0.058823529411764705	0.2	17	1
Sleep	SLEEP	G6_SLEEPAPNO_INCLAVO	0.0588235294117647	0.5	0.1111111111111111	False	False	True	0.036843554358073	0.058823529411764705	0.2	17	1
Sleep	SLEEP	F5_INSOMNIA	0.1176470588235294	0.6666666666666666	0.1111111111111111	False	False	True	2.2621688602971703	0.11764705882352941	0.225	17	2
Sleep	SLEEP	KRA_PSY_SLEEP_NONORG_EXMORE	0.5294117647058824	0.6666666666666666	0.6666666666666666	False	False	True	2.054972332635913	0.6470588235294118	0.625	17	11
Sleep	SLEEP	G6_SLEEPDISOTH	0.4705882352941176	0.6666666666666666	0.6666666666666666	False	False	True	2.6440794466825355	0.5882352941176471	0.675	17	10
Sleep	SLEEP	F5_SLEEP_NOS	0.1176470588235294	0.6666666666666666	0.1111111111111111	False	False	True	3.9532125865034833	0.058823529411764705	0.2	17	1
Sleep	G6_SLEEPAPNO	G6_SLEEPAPNO_INCLAVO	1.0	0.6666666666666666	1.0	False	False	True	0.0976805772971709	1.0	1.0	1	1
Sleep	G6_SLEEPAPNO	F5_INSOMNIA	0.0	1.0	0.0	False	False	True	2.1276447286419264	0.0	0.0625	1	2
Sleep	G6_SLEEPAPNO	KRA_PSY_SLEEP_NONORG_EXMORE	0.0	1.0	0.0	False	False	True	1.9204482009806687	0.0	0.03125	1	11
Sleep	G6_SLEEPAPNO	G6_SLEEPDISOTH	0.125	1.0	0.1666666666666666	False	False	True	2.509555315027291	0.1	0.2962962962962963	1	10
Sleep	G6_SLEEPAPNO	F5_SLEEP_NOS	0.0	1.0	0.0	False	False	True	3.81868845484824	0.0	0.06666666666666667	1	1
Sleep	G6_SLEEPAPNO_INCLAVO	F5_INSOMNIA	0.0	0.6666666666666666	0.0	False	False	True	2.2253253059390974	0.0	0.0625	1	2
Sleep	G6_SLEEPAPNO_INCLAVO	KRA_PSY_SLEEP_NONORG_EXMORE	0.0	0.6666666666666666	0.0	False	False	True	2.01812877827784	0.0	0.03125	1	11
Sleep	G6_SLEEPAPNO_INCLAVO	G6_SLEEPDISOTH	0.125	0.6666666666666666	0.1666666666666666	False	False	True	2.6072358923244625	0.1	0.2962962962962963	1	10
Sleep	G6_SLEEPAPNO_INCLAVO	F5_SLEEP_NOS	0.0	0.6666666666666666	0.0	False	False	True	3.9163690321454094	0.0	0.06666666666666667	1	1
Sleep	F5_INSOMNIA	KRA_PSY_SLEEP_NONORG_EXMORE	0.1	1.0	0.1666666666666666	False	False	True	0.2071965276612578	0.18181818181818182	0.36	2	11
Sleep	F5_INSOMNIA	G6_SLEEPDISOTH	0.1111111111111111	1.0	0.1666666666666666	False	False	True	0.3819105863853647	0.09090909090909091	0.2413793103448276	2	10
Sleep	F5_INSOMNIA	F5_SLEEP_NOS	0.0	1.0	0.0	False	False	False	1.6910437262063127	0.0	0.4166666666666667	2	1
Sleep	KRA_PSY_SLEEP_NONORG_EXMORE	G6_SLEEPDISOTH	0.0	1.0	0.3333333333333333	False	False	True	0.5891071140466226	0.4	0.4444444444444444	11	10
Sleep	KRA_PSY_SLEEP_NONORG_EXMORE	F5_SLEEP_NOS	0.2222222222222222	1.0	0.1666666666666666	False	False	True	1.8982402538675704	0.09090909090909091	0.32	11	1
Sleep	G6_SLEEPDISOTH	F5_SLEEP_NOS	0.0	1.0	0.1666666666666666	False	False	True	1.309133139820948	0.1	0.2962962962962963	10	1
Bowel	K11_CONSTIPATION	K11_OTHFUNC	0.125	0.6666666666666666	0.1666666666666666	False	False	True	0.8161211235429875	0.07142857142857142	0.058823529411764705	1	14
Bowel	K11_CONSTIPATION	K11_IBS	0.0	0.6666666666666666	0.3333333333333333	False	False	True	1.3650420854602314	0.0	0.13333333333333333	1	4
Bowel	K11_CONSTIPATION	K11_FUNCDYSP	0.0	0.6666666666666666	0.0	False	False	True	1.450684049440064	0.0	0.0	1	2
Bowel	K11_CONSTIPATION	K11_REFLUX	0.0	0.6666666666666666	0.0	False	False	True	0.3661840646594518	0.0	0.0	1	6
Bowel	K11_OTHFUNC	K11_IBS	0.0	1.0	0.2857142857142857	False	False	False	0.5489209619172442	0.058823529411764705	0.2037037037037037	14	4
Bowel	K11_OTHFUNC	K11_FUNCDYSP	0.0	1.0	0.0	False	False	True	0.6345629258970766	0.0	0.125	14	2
Bowel	K11_OTHFUNC	K11_REFLUX	0.0	1.0	0.0	False	False	True	0.4499370588835356	0.0	0.0684931506849315	14	6
Bowel	K11_IBS	K11_FUNCDYSP	0.0	1.0	0.0	False	False	True	0.0856419639798325	0.0	0.0	4	2
Bowel	K11_IBS	K11_REFLUX	0.0	1.0	0.0	False	False	True	0.99885802080078	0.0	0.0	4	6
Bowel	K11_FUNCDYSP	K11_REFLUX	0.0	1.0	0.0	False	False	False	1.0844999847806125	0.0	0.14705882352941177	2	6
Bladder	N14_NEUROMUSCDYSBLADD	N14_OTHBLADD	0.0	1.0	0.0	False	False	False	0.2804021166333543	0.2777777777777778	0.29310344827586204	9	14
ADHD	F5_ADHD	KRA_PSY_HYPERKIN_EXMORE	0.2	1.0	1.0	False	False	True	0.0620505905283163	0.5	0.8	2	4
Intellectual disability	F5_MILDRET	KRA_PSY_MENTALRET_EXMORE	0.1666666666666666	1.0	0.2	False	False	True	0.4479942973348988	0.14285714285714285	0.35294117647058826	1	7
Autism	KRA_PSY_DEVWIDE_EXMORE	KRA_PSY_AUTISM_EXMORE	0.2222222222222222	1.0	0.5	False	False	False	0.2834501575452008	0.36363636363636365	0.25	11	4
