trait1	trait2	rg	se	z	p	h2_obs	h2_obs_se	h2_int	h2_int_se	gcov_int	gcov_int_se
ASD	F5_ADHD	0.5283	0.1076	4.9078	0.0	0.0056	0.0012	1.0567	0.009	0.0036	0.0065
ASD	F5_INSOMNIA	0.2007	0.1031	1.9467	0.0516	0.0054	0.0011	1.0136	0.009	0.0037	0.0065
ASD	F5_MILDRET					-0.0	0.001	1.0115	0.0085	0.0011	0.0055
ASD	F5_SLEEP_NOS	0.261	0.2393	1.0906	0.2754	0.0017	0.0011	0.9963	0.0083	-0.0016	0.0072
ASD	FE	-0.1065	0.1148	-0.9276	0.3536	0.0032	0.0011	1.0097	0.0089	0.0059	0.006
ASD	FE_MODE	-0.1924	0.1226	-1.5686	0.1167	0.0031	0.0011	1.0082	0.0091	0.0088	0.006
ASD	FE_STRICT	-0.1294	0.1274	-1.0156	0.3098	0.0027	0.001	1.0063	0.0087	0.0076	0.006
ASD	G6_EPLEPSY	-0.0205	0.0783	-0.2614	0.7938	0.011	0.0018	1.0203	0.0101	0.0049	0.0068
ASD	G6_SLEEPAPNO	0.1158	0.0497	2.3292	0.0198	0.046	0.0026	1.13	0.0152	0.0012	0.0079
ASD	G6_SLEEPAPNO_INCLAVO	0.1047	0.0503	2.0844	0.0371	0.0467	0.0026	1.1356	0.0157	0.0041	0.0081
ASD	G6_SLEEPDISOTH	0.1125	0.1853	0.6072	0.5437	0.0035	0.0016	1.0014	0.0095	0.0072	0.0072
ASD	G6_STATUSEPI	-0.0886	0.2725	-0.325	0.7452	0.0008	0.0013	1.0074	0.0081	0.0049	0.0061
ASD	GE	-0.0221	0.0973	-0.2275	0.8201	0.0041	0.0011	1.0119	0.0091	-0.0012	0.0063
ASD	GE_MODE	-0.0236	0.1084	-0.2176	0.8277	0.0032	0.0012	1.0136	0.0088	-0.0005	0.0058
ASD	GE_STRICT	-0.1317	0.2884	-0.4568	0.6478	0.0005	0.001	1.0236	0.0087	0.0018	0.0054
ASD	K11_CONSTIPATION	0.1063	0.0586	1.8129	0.0698	0.0135	0.0015	1.0782	0.011	-0.0023	0.0064
ASD	K11_FUNCDYSP	0.104	0.0857	1.2137	0.2249	0.0079	0.0012	1.0252	0.0085	-0.0001	0.0059
ASD	K11_IBS	0.2164	0.0734	2.9492	0.0032	0.012	0.0014	1.0247	0.0088	-0.0117	0.0065
ASD	K11_OTHFUNC	0.1168	0.0768	1.5214	0.1282	0.0099	0.0013	1.0411	0.009	-0.0044	0.0065
ASD	K11_REFLUX	0.0798	0.0602	1.3259	0.1849	0.0227	0.0015	1.0608	0.0096	-0.0	0.0069
ASD	KRA_PSY_AUTISM_EXMORE	0.728	0.1507	4.8317	0.0	0.004	0.0014	1.0089	0.0086	-0.0067	0.0063
ASD	KRA_PSY_DEVWIDE_EXMORE	0.9767	0.2118	4.6115	0.0	0.0033	0.0013	1.0151	0.0078	-0.0087	0.0064
ASD	KRA_PSY_HYPERKIN_EXMORE	0.5534	0.0833	6.6406	0.0	0.0104	0.0018	1.0687	0.0091	0.0012	0.0061
ASD	KRA_PSY_MENTALRET_EXMORE	0.0772	0.1561	0.4949	0.6207	0.0024	0.0014	1.003	0.0078	0.005	0.0063
ASD	KRA_PSY_SLEEP_NONORG_EXMORE	0.3052	0.0902	3.385	0.0007	0.0103	0.0015	1.0196	0.0096	0.0005	0.006
ASD	N14_NEUROMUSCDYSBLADD	0.2291	0.1288	1.7788	0.0753	0.0045	0.0012	0.9999	0.0085	-0.0009	0.0065
ASD	N14_OTHBLADD	0.1998	0.174	1.148	0.251	0.0018	0.0012	1.0189	0.0086	-0.0008	0.0059
ASD	SLEEP	0.1402	0.0547	2.5647	0.0103	0.0411	0.0025	1.1149	0.0146	0.0027	0.008
SCZ	F5_ADHD	0.3626	0.0551	6.5841	0.0	0.0058	0.0011	1.0545	0.0089	0.0091	0.0069
SCZ	F5_INSOMNIA	0.3662	0.0596	6.1401	0.0	0.0051	0.0011	1.017	0.0082	0.0051	0.007
SCZ	F5_MILDRET					-0.0004	0.001	1.0168	0.0078	0.0005	0.0065
SCZ	F5_SLEEP_NOS	0.4345	0.1447	3.0032	0.0027	0.0016	0.001	0.9974	0.0073	-0.0055	0.0072
SCZ	FE	0.1859	0.0745	2.4958	0.0126	0.0032	0.001	1.01	0.0081	-0.01	0.007
SCZ	FE_MODE	0.1743	0.073	2.3881	0.0169	0.0032	0.001	1.007	0.0082	-0.0086	0.0069
SCZ	FE_STRICT	0.2049	0.0796	2.5734	0.0101	0.0028	0.001	1.0057	0.0078	-0.0097	0.007
SCZ	G6_EPLEPSY	0.1218	0.0458	2.6573	0.0079	0.0109	0.0018	1.0213	0.0093	0.0001	0.0072
SCZ	G6_SLEEPAPNO	0.0385	0.0221	1.739	0.082	0.0466	0.0025	1.1263	0.0128	0.006	0.0079
SCZ	G6_SLEEPAPNO_INCLAVO	0.0298	0.0217	1.373	0.1698	0.0474	0.0025	1.1303	0.013	0.0108	0.0079
SCZ	G6_SLEEPDISOTH	0.2048	0.0825	2.4835	0.013	0.0035	0.0013	1.0008	0.0083	0.0051	0.007
SCZ	G6_STATUSEPI	0.3417	0.2566	1.3317	0.183	0.001	0.0013	1.0056	0.0076	-0.0044	0.0063
SCZ	GE	0.0023	0.0591	0.0386	0.9692	0.0041	0.0011	1.0123	0.0077	0.0	0.0063
SCZ	GE_MODE	-0.0445	0.0632	-0.7047	0.481	0.0035	0.0011	1.0114	0.0079	0.0075	0.0064
SCZ	GE_STRICT	-0.0048	0.1215	-0.0394	0.9686	0.001	0.0009	1.0184	0.0084	0.0022	0.0063
SCZ	K11_CONSTIPATION	0.226	0.0336	6.7352	0.0	0.014	0.0015	1.0734	0.0095	0.0188	0.0076
SCZ	K11_FUNCDYSP	0.052	0.045	1.1558	0.2478	0.0079	0.0012	1.0256	0.0081	0.0105	0.0072
SCZ	K11_IBS	0.1572	0.0414	3.8014	0.0001	0.0123	0.0013	1.0227	0.0084	0.007	0.0067
SCZ	K11_OTHFUNC	0.3095	0.0489	6.3277	0.0	0.0102	0.0013	1.0385	0.0084	-0.0047	0.0074
SCZ	K11_REFLUX	0.0699	0.0316	2.2142	0.0268	0.0225	0.0015	1.062	0.0095	0.0116	0.0071
SCZ	KRA_PSY_AUTISM_EXMORE	0.3015	0.0875	3.4442	0.0006	0.0041	0.0014	1.0082	0.0083	0.0018	0.0065
SCZ	KRA_PSY_DEVWIDE_EXMORE	0.3669	0.1094	3.3535	0.0008	0.0032	0.0013	1.0157	0.008	0.0032	0.0069
SCZ	KRA_PSY_HYPERKIN_EXMORE	0.4033	0.0485	8.3206	0.0	0.0107	0.0016	1.0666	0.0094	0.0108	0.0069
SCZ	KRA_PSY_MENTALRET_EXMORE	0.4916	0.1845	2.6648	0.0077	0.0019	0.0013	1.0073	0.0076	-0.0024	0.0065
SCZ	KRA_PSY_SLEEP_NONORG_EXMORE	0.4741	0.0525	9.0288	0.0	0.0098	0.0015	1.0245	0.0085	0.0067	0.007
SCZ	N14_NEUROMUSCDYSBLADD	0.1464	0.0616	2.379	0.0174	0.0041	0.0012	1.0046	0.0078	-0.0025	0.0064
SCZ	N14_OTHBLADD	0.2343	0.1234	1.8991	0.0576	0.0018	0.0011	1.0192	0.0076	0.0	0.0061
SCZ	SLEEP	0.0855	0.0232	3.6829	0.0002	0.0417	0.0024	1.1114	0.0126	0.0098	0.0078
BIP	F5_ADHD	0.4168	0.0632	6.5945	0.0	0.0058	0.0011	1.0547	0.0092	0.004	0.0066
BIP	F5_INSOMNIA	0.4171	0.0745	5.6008	0.0	0.0051	0.0011	1.0171	0.0088	0.0103	0.0066
BIP	F5_MILDRET					-0.0006	0.001	1.0183	0.0081	0.0133	0.007
BIP	F5_SLEEP_NOS	0.4859	0.1774	2.7397	0.0062	0.0016	0.0011	0.9973	0.0074	-0.0034	0.0069
BIP	FE	0.3127	0.0911	3.4308	0.0006	0.003	0.0011	1.0124	0.0084	-0.0105	0.0058
BIP	FE_MODE	0.2755	0.0873	3.1554	0.0016	0.0029	0.0011	1.0099	0.0088	-0.0092	0.006
BIP	FE_STRICT	0.345	0.1021	3.3793	0.0007	0.0026	0.001	1.0078	0.008	-0.0116	0.006
BIP	G6_EPLEPSY	0.2017	0.0468	4.3151	0.0	0.0109	0.0018	1.0213	0.0097	0.0018	0.0063
BIP	G6_SLEEPAPNO	0.1468	0.0262	5.5973	0.0	0.0467	0.0025	1.1258	0.0132	0.0028	0.0072
BIP	G6_SLEEPAPNO_INCLAVO	0.1491	0.026	5.7436	0.0	0.0474	0.0025	1.1295	0.0136	0.0019	0.007
BIP	G6_SLEEPDISOTH	0.3054	0.0923	3.3106	0.0009	0.0038	0.0014	0.9988	0.0084	0.0043	0.0073
BIP	G6_STATUSEPI	0.1355	0.1764	0.7678	0.4426	0.0009	0.0013	1.006	0.0075	0.0009	0.0058
BIP	GE	0.0034	0.0679	0.0498	0.9603	0.0042	0.001	1.0115	0.0079	0.008	0.0063
BIP	GE_MODE	-0.073	0.0768	-0.9512	0.3415	0.0034	0.0011	1.0123	0.008	0.0108	0.0063
BIP	GE_STRICT	-0.0221	0.1493	-0.1479	0.8824	0.0009	0.0009	1.0192	0.008	0.0093	0.0063
BIP	K11_CONSTIPATION	0.2901	0.0404	7.1838	0.0	0.0137	0.0015	1.0766	0.0093	0.0103	0.007
BIP	K11_FUNCDYSP	0.0939	0.0516	1.8187	0.069	0.008	0.0012	1.0246	0.0083	0.0043	0.0064
BIP	K11_IBS	0.1921	0.0483	3.9764	0.0001	0.0123	0.0014	1.0226	0.0084	0.0009	0.0061
BIP	K11_OTHFUNC	0.3192	0.0561	5.6914	0.0	0.01	0.0013	1.0405	0.0085	0.0	0.0069
BIP	K11_REFLUX	0.103	0.0379	2.7172	0.0066	0.0225	0.0015	1.0629	0.0099	0.0017	0.0073
BIP	KRA_PSY_AUTISM_EXMORE	0.2238	0.0861	2.5984	0.0094	0.0039	0.0013	1.0101	0.0078	0.0076	0.0059
BIP	KRA_PSY_DEVWIDE_EXMORE	0.3421	0.1113	3.0747	0.0021	0.0031	0.0012	1.0171	0.0075	0.0062	0.0059
BIP	KRA_PSY_HYPERKIN_EXMORE	0.4415	0.0535	8.2577	0.0	0.0108	0.0016	1.0659	0.0098	0.0035	0.0068
BIP	KRA_PSY_MENTALRET_EXMORE	0.2855	0.149	1.9166	0.0553	0.0018	0.0013	1.0084	0.0076	0.0016	0.0066
BIP	KRA_PSY_SLEEP_NONORG_EXMORE	0.5691	0.0632	9.002	0.0	0.0099	0.0015	1.0234	0.0089	0.0044	0.0069
BIP	N14_NEUROMUSCDYSBLADD	0.1417	0.0725	1.9539	0.0507	0.0041	0.0012	1.0044	0.0083	0.0012	0.0062
BIP	N14_OTHBLADD	0.2633	0.1429	1.8426	0.0654	0.0017	0.0012	1.0198	0.0078	0.0071	0.0063
BIP	SLEEP	0.2059	0.0276	7.4668	0.0	0.0417	0.0024	1.1116	0.013	0.0046	0.0073
MDD	F5_ADHD	0.706	0.0606	11.6504	0.0	0.006	0.0011	1.052	0.0078	0.0209	0.0067
MDD	F5_INSOMNIA	0.5385	0.06	8.9817	0.0	0.0055	0.001	1.0118	0.0076	0.0361	0.0068
MDD	F5_MILDRET					-0.0003	0.001	1.0152	0.0074	0.0121	0.0057
MDD	F5_SLEEP_NOS	0.6606	0.3029	2.1808	0.0292	0.0012	0.001	1.0014	0.0076	0.0073	0.0063
MDD	FE	0.2426	0.0715	3.3925	0.0007	0.0035	0.001	1.0075	0.0071	0.0121	0.0067
MDD	FE_MODE	0.2105	0.0714	2.947	0.0032	0.0033	0.001	1.0063	0.0073	0.0095	0.0067
MDD	FE_STRICT	0.2627	0.0779	3.3701	0.0008	0.0029	0.0009	1.0049	0.007	0.0095	0.0064
MDD	G6_EPLEPSY	0.3232	0.0405	7.981	0.0	0.0108	0.0018	1.0225	0.0089	0.0212	0.0067
MDD	G6_SLEEPAPNO	0.3565	0.022	16.195	0.0	0.0461	0.0023	1.1319	0.0118	0.0252	0.0079
MDD	G6_SLEEPAPNO_INCLAVO	0.3639	0.0219	16.6487	0.0	0.0467	0.0023	1.1372	0.0117	0.0233	0.0082
MDD	G6_SLEEPDISOTH	0.5739	0.1405	4.0832	0.0	0.0032	0.0015	1.0026	0.0086	0.0226	0.0061
MDD	G6_STATUSEPI	0.1711	0.1442	1.1869	0.2353	0.0011	0.0013	1.0053	0.0075	0.0204	0.006
MDD	GE	0.1255	0.0647	1.9396	0.0524	0.0043	0.0012	1.0093	0.008	0.0027	0.0071
MDD	GE_MODE	0.0848	0.0654	1.2953	0.1952	0.0039	0.0012	1.0064	0.0082	0.0015	0.0069
MDD	GE_STRICT	0.2197	0.1282	1.7133	0.0867	0.0014	0.001	1.0128	0.0076	-0.0054	0.007
MDD	K11_CONSTIPATION	0.5014	0.0314	15.9672	0.0	0.0146	0.0013	1.0665	0.0086	0.0301	0.0065
MDD	K11_FUNCDYSP	0.5356	0.0466	11.5036	0.0	0.0079	0.0012	1.026	0.0076	0.0093	0.0061
MDD	K11_IBS	0.5485	0.0415	13.223	0.0	0.0122	0.0013	1.024	0.0074	0.0148	0.0065
MDD	K11_OTHFUNC	0.5629	0.0449	12.5438	0.0	0.0104	0.0014	1.0375	0.0082	0.0297	0.0071
MDD	K11_REFLUX	0.4756	0.0272	17.4929	0.0	0.0223	0.0015	1.0628	0.009	0.0205	0.0075
MDD	KRA_PSY_AUTISM_EXMORE	0.3265	0.0767	4.2559	0.0	0.0042	0.0013	1.0087	0.0071	0.0203	0.0069
MDD	KRA_PSY_DEVWIDE_EXMORE	0.4393	0.1047	4.1941	0.0	0.0034	0.0013	1.0154	0.0071	0.0203	0.0063
MDD	KRA_PSY_HYPERKIN_EXMORE	0.7332	0.0502	14.6059	0.0	0.0107	0.0016	1.0658	0.0081	0.0289	0.0069
MDD	KRA_PSY_MENTALRET_EXMORE	0.4257	0.1512	2.8163	0.0049	0.0021	0.0013	1.0049	0.007	0.0134	0.0059
MDD	KRA_PSY_SLEEP_NONORG_EXMORE	0.6996	0.054	12.9645	0.0	0.0099	0.0014	1.0235	0.0082	0.0429	0.0069
MDD	N14_NEUROMUSCDYSBLADD	0.4394	0.0803	5.4736	0.0	0.0042	0.0012	1.0029	0.0081	0.0042	0.0062
MDD	N14_OTHBLADD	0.3444	0.1305	2.6394	0.0083	0.002	0.0012	1.017	0.0072	0.0186	0.0058
MDD	SLEEP	0.4225	0.0224	18.8751	0.0	0.0411	0.0022	1.1171	0.0116	0.0376	0.0079
PTSD	F5_ADHD	0.7894	0.0752	10.5022	0.0	0.0057	0.0011	1.0535	0.0075	0.0116	0.0056
PTSD	F5_INSOMNIA	0.4808	0.0588	8.18	0.0	0.0058	0.001	1.0101	0.0074	0.0175	0.0059
PTSD	F5_MILDRET					-0.0001	0.001	1.0128	0.0073	0.0075	0.0056
PTSD	F5_SLEEP_NOS	0.4702	0.1698	2.7696	0.0056	0.0015	0.001	0.9987	0.0068	0.006	0.0055
PTSD	FE	0.1973	0.0681	2.8979	0.0038	0.0033	0.001	1.0106	0.0074	0.0183	0.0056
PTSD	FE_MODE	0.1526	0.0666	2.291	0.022	0.0032	0.001	1.0087	0.0076	0.0154	0.0055
PTSD	FE_STRICT	0.2013	0.0745	2.7038	0.0069	0.0028	0.0009	1.0075	0.0072	0.0161	0.0055
PTSD	G6_EPLEPSY	0.3388	0.0425	7.97	0.0	0.0111	0.0017	1.0222	0.0082	0.0182	0.0055
PTSD	G6_SLEEPAPNO	0.3351	0.0246	13.6205	0.0	0.0468	0.0022	1.1263	0.0121	0.0138	0.0072
PTSD	G6_SLEEPAPNO_INCLAVO	0.3463	0.0243	14.2266	0.0	0.0473	0.0022	1.1326	0.012	0.0119	0.0073
PTSD	G6_SLEEPDISOTH	0.5844	0.1145	5.1026	0.0	0.0035	0.0014	1.001	0.0081	0.0085	0.0059
PTSD	G6_STATUSEPI	0.3647	0.2625	1.3895	0.1647	0.001	0.0012	1.0056	0.0072	0.0089	0.0057
PTSD	GE	0.1693	0.0641	2.6427	0.0082	0.0044	0.0011	1.0077	0.0076	0.0065	0.0058
PTSD	GE_MODE	0.1517	0.0677	2.2389	0.0252	0.0038	0.0012	1.0066	0.0076	0.0029	0.0056
PTSD	GE_STRICT	0.2888	0.1408	2.0512	0.0402	0.0014	0.0009	1.0118	0.0075	-0.0001	0.0058
PTSD	K11_CONSTIPATION	0.3816	0.0371	10.2746	0.0	0.0141	0.0013	1.0727	0.008	0.022	0.0061
PTSD	K11_FUNCDYSP	0.47	0.0478	9.8317	0.0	0.0081	0.0011	1.0238	0.0071	0.0124	0.0058
PTSD	K11_IBS	0.4691	0.0423	11.0851	0.0	0.0124	0.0014	1.0229	0.0076	0.0129	0.0062
PTSD	K11_OTHFUNC	0.554	0.0509	10.8757	0.0	0.0102	0.0013	1.0386	0.0076	0.0171	0.0057
PTSD	K11_REFLUX	0.4568	0.0306	14.9316	0.0	0.0223	0.0015	1.0646	0.0084	0.0146	0.0062
PTSD	KRA_PSY_AUTISM_EXMORE	0.3806	0.0835	4.5571	0.0	0.004	0.0013	1.0089	0.0071	0.0069	0.0058
PTSD	KRA_PSY_DEVWIDE_EXMORE	0.47	0.1128	4.1661	0.0	0.0033	0.0013	1.0152	0.0068	0.0068	0.0057
PTSD	KRA_PSY_HYPERKIN_EXMORE	0.8007	0.0613	13.0697	0.0	0.0106	0.0016	1.0658	0.0078	0.0164	0.0058
PTSD	KRA_PSY_MENTALRET_EXMORE	0.3701	0.1276	2.9005	0.0037	0.0024	0.0013	1.004	0.0072	0.0117	0.0054
PTSD	KRA_PSY_SLEEP_NONORG_EXMORE	0.6254	0.0538	11.621	0.0	0.0104	0.0013	1.0209	0.0078	0.0253	0.0058
PTSD	N14_NEUROMUSCDYSBLADD	0.4425	0.0775	5.7108	0.0	0.0044	0.0012	1.0023	0.0078	0.0004	0.0054
PTSD	N14_OTHBLADD	0.3752	0.1281	2.93	0.0034	0.0021	0.0011	1.0161	0.0074	0.0044	0.0057
PTSD	SLEEP	0.3962	0.0247	16.0664	0.0	0.042	0.0021	1.111	0.0111	0.0208	0.0069
MDD_EHR	F5_ADHD	0.7226	0.0666	10.8414	0.0	0.006	0.001	1.0527	0.0083	0.0249	0.0067
MDD_EHR	F5_INSOMNIA	0.567	0.0653	8.6852	0.0	0.0055	0.001	1.0126	0.0079	0.0353	0.0062
MDD_EHR	F5_MILDRET					-0.0002	0.001	1.0145	0.0079	0.0108	0.0055
MDD_EHR	F5_SLEEP_NOS	0.7853	0.4104	1.9136	0.0557	0.001	0.001	1.0028	0.0074	0.0085	0.0061
MDD_EHR	FE	0.2793	0.0756	3.6948	0.0002	0.0033	0.001	1.009	0.0076	0.0143	0.006
MDD_EHR	FE_MODE	0.2487	0.0751	3.309	0.0009	0.0032	0.001	1.0069	0.0078	0.0113	0.006
MDD_EHR	FE_STRICT	0.305	0.0824	3.7027	0.0002	0.0028	0.0009	1.0056	0.0073	0.0108	0.0059
MDD_EHR	G6_EPLEPSY	0.3522	0.046	7.6597	0.0	0.0105	0.0017	1.0243	0.0087	0.0219	0.0061
MDD_EHR	G6_SLEEPAPNO	0.3603	0.0231	15.6302	0.0	0.0462	0.0024	1.1313	0.0127	0.0275	0.0076
MDD_EHR	G6_SLEEPAPNO_INCLAVO	0.3663	0.0229	16.0003	0.0	0.0468	0.0024	1.136	0.0124	0.0263	0.008
MDD_EHR	G6_SLEEPDISOTH	0.587	0.1306	4.4941	0.0	0.0033	0.0014	1.0019	0.0081	0.021	0.0057
MDD_EHR	G6_STATUSEPI	0.1388	0.1522	0.9123	0.3616	0.0011	0.0013	1.0056	0.0073	0.0199	0.0058
MDD_EHR	GE	0.1434	0.0663	2.1627	0.0306	0.0043	0.0012	1.0093	0.0082	0.0053	0.0067
MDD_EHR	GE_MODE	0.1044	0.0701	1.4902	0.1362	0.0038	0.0012	1.0078	0.0084	0.0032	0.0067
MDD_EHR	GE_STRICT	0.2945	0.1685	1.7479	0.0805	0.0012	0.001	1.0151	0.0077	-0.0052	0.0068
MDD_EHR	K11_CONSTIPATION	0.5191	0.0332	15.6541	0.0	0.0144	0.0013	1.0692	0.0085	0.0318	0.0065
MDD_EHR	K11_FUNCDYSP	0.5688	0.0479	11.8763	0.0	0.0078	0.0011	1.0266	0.0076	0.0085	0.0058
MDD_EHR	K11_IBS	0.5662	0.0413	13.6966	0.0	0.0124	0.0013	1.0223	0.0077	0.02	0.0063
MDD_EHR	K11_OTHFUNC	0.5701	0.0466	12.2394	0.0	0.0104	0.0013	1.0383	0.008	0.0308	0.0067
MDD_EHR	K11_REFLUX	0.4925	0.0298	16.5108	0.0	0.0224	0.0015	1.0626	0.0093	0.0231	0.0075
MDD_EHR	KRA_PSY_AUTISM_EXMORE	0.2887	0.0772	3.7417	0.0002	0.0042	0.0013	1.0092	0.0075	0.0227	0.0058
MDD_EHR	KRA_PSY_DEVWIDE_EXMORE	0.4141	0.1054	3.9281	0.0001	0.0034	0.0013	1.0152	0.0074	0.0209	0.0055
MDD_EHR	KRA_PSY_HYPERKIN_EXMORE	0.7448	0.0544	13.6994	0.0	0.0108	0.0015	1.066	0.0084	0.0354	0.0068
MDD_EHR	KRA_PSY_MENTALRET_EXMORE	0.4522	0.1581	2.8607	0.0042	0.0022	0.0013	1.0042	0.0073	0.0144	0.0056
MDD_EHR	KRA_PSY_SLEEP_NONORG_EXMORE	0.726	0.0591	12.2754	0.0	0.01	0.0015	1.0228	0.0086	0.046	0.0062
MDD_EHR	N14_NEUROMUSCDYSBLADD	0.4659	0.0824	5.6539	0.0	0.0043	0.0012	1.0023	0.008	0.005	0.0059
MDD_EHR	N14_OTHBLADD	0.375	0.1375	2.7278	0.0064	0.0021	0.0012	1.0163	0.0072	0.0161	0.0056
MDD_EHR	SLEEP	0.4305	0.0232	18.5664	0.0	0.0412	0.0023	1.1164	0.0123	0.0393	0.0074
MDD_Clin	F5_ADHD	0.5997	0.1124	5.3336	0.0	0.0057	0.0011	1.056	0.009	0.0035	0.0059
MDD_Clin	F5_INSOMNIA	0.3972	0.1111	3.5743	0.0004	0.0053	0.0011	1.015	0.0088	0.0059	0.0053
MDD_Clin	F5_MILDRET					-0.0006	0.001	1.0188	0.008	-0.0024	0.0052
MDD_Clin	F5_SLEEP_NOS	0.5446	0.2322	2.3458	0.019	0.0019	0.0011	0.9946	0.0074	-0.0047	0.0055
MDD_Clin	FE	0.0742	0.1314	0.5647	0.5723	0.0032	0.0011	1.0093	0.0086	0.006	0.0055
MDD_Clin	FE_MODE	0.041	0.1317	0.3113	0.7555	0.0031	0.0011	1.0073	0.0087	0.0058	0.0056
MDD_Clin	FE_STRICT	0.0329	0.1437	0.229	0.8188	0.0028	0.001	1.0053	0.0083	0.0079	0.0056
MDD_Clin	G6_EPLEPSY	0.1481	0.0823	1.798	0.0722	0.0112	0.0018	1.0195	0.0098	0.0118	0.0055
MDD_Clin	G6_SLEEPAPNO	0.2616	0.0497	5.2647	0.0	0.0464	0.0025	1.1282	0.0131	0.0063	0.0066
MDD_Clin	G6_SLEEPAPNO_INCLAVO	0.2599	0.0497	5.2251	0.0	0.0471	0.0025	1.1325	0.0133	0.0057	0.0068
MDD_Clin	G6_SLEEPDISOTH	0.237	0.1684	1.4076	0.1593	0.0037	0.0014	0.9991	0.0086	0.0141	0.006
MDD_Clin	G6_STATUSEPI	0.3635	0.2914	1.2475	0.2122	0.0011	0.0013	1.0048	0.0077	-0.0002	0.0052
MDD_Clin	GE	0.0918	0.1268	0.7242	0.469	0.0042	0.001	1.0119	0.0079	-0.0003	0.0057
MDD_Clin	GE_MODE	0.032	0.1288	0.2487	0.8036	0.0034	0.0011	1.0118	0.0082	0.0021	0.0054
MDD_Clin	GE_STRICT	-0.0073	0.2677	-0.0272	0.9783	0.0009	0.0009	1.0192	0.008	0.0042	0.0058
MDD_Clin	K11_CONSTIPATION	0.383	0.0666	5.7522	0.0	0.0137	0.0015	1.0763	0.0092	0.005	0.0061
MDD_Clin	K11_FUNCDYSP	0.4701	0.0882	5.3295	0.0	0.0081	0.0012	1.0238	0.0086	-0.0007	0.0058
MDD_Clin	K11_IBS	0.4367	0.0744	5.8679	0.0	0.0124	0.0014	1.0214	0.0086	-0.0078	0.0054
MDD_Clin	K11_OTHFUNC	0.4734	0.0825	5.7359	0.0	0.0099	0.0013	1.0409	0.0086	0.0038	0.0055
MDD_Clin	K11_REFLUX	0.3473	0.0661	5.2549	0.0	0.0227	0.0015	1.0604	0.0099	0.0004	0.0063
MDD_Clin	KRA_PSY_AUTISM_EXMORE	0.4875	0.1521	3.2061	0.0013	0.004	0.0013	1.0091	0.0079	-0.0043	0.0052
MDD_Clin	KRA_PSY_DEVWIDE_EXMORE	0.4852	0.1713	2.8332	0.0046	0.0029	0.0013	1.0179	0.0076	0.0016	0.0053
MDD_Clin	KRA_PSY_HYPERKIN_EXMORE	0.6422	0.0921	6.9747	0.0	0.0106	0.0016	1.0679	0.0096	0.0054	0.006
MDD_Clin	KRA_PSY_MENTALRET_EXMORE	0.2598	0.2003	1.2972	0.1946	0.0019	0.0013	1.0073	0.0078	0.0059	0.0053
MDD_Clin	KRA_PSY_SLEEP_NONORG_EXMORE	0.5625	0.0934	6.0222	0.0	0.0101	0.0015	1.022	0.0089	0.0025	0.0056
MDD_Clin	N14_NEUROMUSCDYSBLADD	0.3279	0.1286	2.5492	0.0108	0.0043	0.0012	1.0025	0.0081	-0.0055	0.0049
MDD_Clin	N14_OTHBLADD	0.2504	0.2126	1.1778	0.2389	0.0018	0.0012	1.0194	0.0078	0.0067	0.0056
MDD_Clin	SLEEP	0.3037	0.0535	5.6802	0.0	0.0414	0.0024	1.1136	0.0131	0.0092	0.0066
ASD	SCZ	0.2559	0.0371	6.9022	0.0	0.7747	0.0321	1.122	0.0196	0.024	0.009
ASD	BIP	0.2121	0.0452	4.6914	0.0	0.2765	0.0125	1.0491	0.0133	0.0385	0.0082
ASD	MDD	0.337	0.0316	10.6616	0.0	0.052	0.0018	1.0551	0.0184	0.0775	0.0083
ASD	PTSD	0.3187	0.0374	8.5305	0.0	0.0551	0.0022	1.033	0.0137	0.0775	0.0074
ASD	MDD_EHR	0.32	0.0333	9.6156	0.0	0.0495	0.0018	1.023	0.0157	0.0881	0.0079
ASD	MDD_Clin	0.3829	0.0695	5.5059	0.0	0.0912	0.0101	1.0187	0.0086	-0.0006	0.0069
SCZ	BIP	0.6807	0.0171	39.7812	0.0	0.2832	0.0119	1.0337	0.0114	0.214	0.0089
SCZ	MDD	0.3571	0.019	18.8234	0.0	0.0519	0.0017	1.0555	0.0162	0.0654	0.0101
SCZ	PTSD	0.3881	0.0205	18.919	0.0	0.0548	0.0022	1.0362	0.0123	0.0408	0.009
SCZ	MDD_EHR	0.3719	0.0196	18.9512	0.0	0.0492	0.0017	1.0263	0.0132	0.0374	0.0091
SCZ	MDD_Clin	0.4038	0.0375	10.7801	0.0	0.0947	0.0099	1.0136	0.0074	0.1117	0.0068
BIP	MDD	0.4749	0.0194	24.471	0.0	0.0518	0.0017	1.0577	0.0169	0.079	0.01
BIP	PTSD	0.4151	0.0211	19.6453	0.0	0.0546	0.0022	1.0385	0.0127	0.0416	0.0078
BIP	MDD_EHR	0.4696	0.0205	22.8883	0.0	0.0493	0.0016	1.0259	0.0139	0.0496	0.009
BIP	MDD_Clin	0.486	0.0448	10.8462	0.0	0.0941	0.0101	1.0144	0.0074	0.1138	0.0068
MDD	PTSD	0.9062	0.0118	77.1139	0.0	0.0542	0.002	1.0407	0.0112	0.2565	0.0105
MDD	MDD_EHR	0.9941	0.0021	466.7516	0.0	0.0486	0.0018	1.0346	0.0129	0.8868	0.0132
MDD	MDD_Clin	0.891	0.0366	24.3325	0.0	0.0943	0.0105	1.0141	0.0077	0.2696	0.0087
PTSD	MDD_EHR	0.9169	0.0128	71.4354	0.0	0.0488	0.0017	1.0331	0.0126	0.2367	0.0091
PTSD	MDD_Clin	0.7313	0.0469	15.5784	0.0	0.0963	0.0107	1.0136	0.008	0.0335	0.0076
MDD_EHR	MDD_Clin	0.857	0.0452	18.9627	0.0	0.0944	0.0105	1.0142	0.0079	0.0168	0.0079
