shared	family	def1	def2	rg1	rg2	delta	se_delta	z	p	error_corr	min_detectable_delta	distance	icd10_jaccard	source_jaccard	log_case_ratio
ASD	Epilepsy	G6_EPLEPSY	FE	-0.0369	-0.166	0.1291	0.07038337748790079	1.8342399101576625	0.06661838953950124	0.7987046866119435	0.1971850299709679	0.6868686868686869	0.2727272727272727	0.6666666666666666	0.5228287686273466
ASD	Epilepsy	G6_EPLEPSY	FE_STRICT	-0.0369	-0.1842	0.1473	0.08633270080214035	1.7061901067775715	0.08797269011967115	0.7606187247935869	0.241868418407046	0.6868686868686869	0.2727272727272727	0.6666666666666666	0.6150386380705487
ASD	Epilepsy	G6_EPLEPSY	FE_MODE	-0.0369	-0.2337	0.19679999999999997	0.08666624399942922	2.270780305205059	0.023160280779670694	0.70027230839007	0.24280286809817267	0.6868686868686869	0.2727272727272727	0.6666666666666666	0.6669668491621752
ASD	Epilepsy	G6_EPLEPSY	GE	-0.0369	-0.0414	0.004499999999999997	0.1074910523018647	0.0418639496370614	0.9666071552110039	0.21309146327662057	0.3011453432083121	0.7474747474747474	0.0909090909090909	0.6666666666666666	2.2254228481858638
ASD	Epilepsy	G6_EPLEPSY	GE_STRICT	-0.0369	-0.1066	0.0697	0.24918901576446734	0.2797073530154323	0.7797020365335862	0.13049591329288074	0.6981242630818512	0.7474747474747474	0.0909090909090909	0.6666666666666666	2.8859711002633803
ASD	Epilepsy	G6_EPLEPSY	GE_MODE	-0.0369	-0.0361	-0.0008000000000000021	0.12542039532175964	-0.00637854790640424	0.9949106896156683	0.17972816056315308	0.3513759255833267	0.7474747474747474	0.0909090909090909	0.6666666666666666	2.5390804070409048
ASD	Epilepsy	FE	FE_STRICT	-0.166	-0.1842	0.018199999999999994	0.040173002998371815	0.45304056559420336	0.6505195313996408	0.9519461763877842	0.11254809136744644	0.33333333333333337	1.0	1.0	0.0922098694432019
ASD	Epilepsy	FE	FE_MODE	-0.166	-0.2337	0.06769999999999998	0.04722974316407505	1.433418762511829	0.15173819961789772	0.920543509993514	0.13231815030374466	0.33333333333333337	1.0	1.0	0.1441380805348285
ASD	Epilepsy	FE	GE	-0.166	-0.0414	-0.12460000000000002	0.13731880464720841	-0.9073775461424616	0.3642071791971252	0.14236074125900147	0.38471033326856147	0.33333333333333337	0.0	1.0	1.7025940795585168
ASD	Epilepsy	FE	GE_STRICT	-0.166	-0.1066	-0.05940000000000001	0.2786941856391148	-0.21313684698437857	0.8312202251376521	-0.05988323474049265	0.7807855108605756	0.6666666666666667	0.0	1.0	2.3631423316360336
ASD	Epilepsy	FE	GE_MODE	-0.166	-0.0361	-0.12990000000000002	0.1564739956043727	-0.8301698917974709	0.4064427354812612	0.06456754928991455	0.4383752331042841	0.6666666666666667	0.0	1.0	2.0162516384135585
ASD	Epilepsy	FE_STRICT	FE_MODE	-0.1842	-0.2337	0.04949999999999999	0.052078133037285576	0.9504949028138209	0.34186084264917505	0.9143730539149472	0.1459013277041799	0.33333333333333337	1.0	1.0	0.0519282110916264
ASD	Epilepsy	FE_STRICT	GE	-0.1842	-0.0414	-0.1428	0.16535490879915463	-0.8635969808035725	0.3878093233015213	-0.07918074076446874	0.4632558682341296	0.6666666666666667	0.0	1.0	1.6103842101153147
ASD	Epilepsy	FE_STRICT	GE_STRICT	-0.1842	-0.1066	-0.0776	0.2881050523913287	-0.2693461963124378	0.7876632856990001	-0.08206907901700958	0.8071508560432088	0.6666666666666667	0.0	1.0	2.270932462192832
ASD	Epilepsy	FE_STRICT	GE_MODE	-0.1842	-0.0361	-0.1481	0.17872369366503843	-0.8286534200527831	0.40730055048680913	-0.07705783934204385	0.500709658298522	0.6666666666666667	0.0	1.0	1.9240417689703564
ASD	Epilepsy	FE_MODE	GE	-0.2337	-0.0414	-0.1923	0.150242650305639	-1.2799294981072527	0.20056993218102603	0.040883220040439025	0.420917588226394	0.6666666666666667	0.0	1.0	1.558455999023688
ASD	Epilepsy	FE_MODE	GE_STRICT	-0.2337	-0.1066	-0.1271	0.2844412137034948	-0.44684101275313315	0.6549898567008021	-0.08422185349240545	0.7968862997338229	0.6666666666666667	0.0	1.0	2.219004251101205
ASD	Epilepsy	FE_MODE	GE_MODE	-0.2337	-0.0361	-0.1976	0.1679750674207717	-1.1763650584227412	0.23944902829149817	-0.016583420386491608	0.47059646589756327	0.33333333333333337	0.0	1.0	1.8721135578787296
ASD	Epilepsy	GE	GE_STRICT	-0.0414	-0.1066	0.06520000000000001	0.20035617267603736	0.325420470600744	0.7448628646171375	0.6429574467894331	0.5613148917268757	0.33333333333333337	1.0	1.0	0.660548252077517
ASD	Epilepsy	GE	GE_MODE	-0.0414	-0.0361	-0.005299999999999999	0.0648749916162664	-0.08169557895821147	0.9348887940895424	0.8251963881444837	0.18175281753733472	0.33333333333333337	1.0	1.0	0.3136575588550416
ASD	Epilepsy	GE_STRICT	GE_MODE	-0.1066	-0.0361	-0.07050000000000001	0.18700658979480875	-0.37699206256504375	0.7061795036359161	0.6949867263166504	0.5239148976588517	0.33333333333333337	1.0	1.0	0.3468906932224753
ASD	Sleep apnoea	G6_SLEEPAPNO	G6_SLEEPAPNO_INCLAVO	0.1125	0.0997	0.012800000000000006	0.010236861405624364	1.250383246662634	0.21115958156088166	0.9774661481275633	0.028679439593868362	0.44444444444444453	1.0	0.6666666666666666	0.0976805772971709
ASD	Sleep apnoea	G6_SLEEPAPNO	SLEEP	0.1125	0.1394	-0.026899999999999993	0.013213798883926044	-2.035750675206852	0.04177539768302736	0.9707227600835802	0.037019583628324845	0.7581699346405228	0.0588235294117647	0.6666666666666666	0.1345241316552441
ASD	Sleep apnoea	G6_SLEEPAPNO_INCLAVO	SLEEP	0.0997	0.1394	-0.0397	0.01659887284608263	-2.3917286654418395	0.016769234410062114	0.9507666455561237	0.04650315680292184	0.8137254901960784	0.0588235294117647	0.5	0.036843554358073
ASD	Insomnia	F5_INSOMNIA	KRA_PSY_SLEEP_NONORG_EXMORE	0.2174	0.3108	-0.09340000000000001	0.053175932448851514	-1.7564337040979758	0.07901438212015448	0.8281352010485485	0.14897690630807614	0.6333333333333333	0.1	1.0	0.2071965276612578
ASD	Constipation	K11_CONSTIPATION	K11_OTHFUNC	0.0942	0.0845	0.0097	0.07346716477293658	0.13203177269708974	0.8949591607552092	0.38786082373883624	0.2058245228445289	0.7361111111111112	0.125	0.6666666666666666	0.8161211235429875
ASD	ADHD	F5_ADHD	KRA_PSY_HYPERKIN_EXMORE	0.5314	0.5477	-0.01629999999999998	0.044296382305993046	-0.367975874133511	0.7128912236429704	0.9171856986627485	0.12410008988435096	0.6000000000000001	0.2	1.0	0.0620505905283163
SCZ	Epilepsy	G6_EPLEPSY	FE	0.0934	0.1532	-0.059800000000000006	0.04732858043744877	-1.2635071546046883	0.20640697702581445	0.8125500003021406	0.13259505134782706	0.6868686868686869	0.2727272727272727	0.6666666666666666	0.5228287686273466
SCZ	Epilepsy	G6_EPLEPSY	FE_STRICT	0.0934	0.1839	-0.09050000000000001	0.059016515673108505	-1.5334690462120468	0.12516032772099486	0.736460665225814	0.1653397979343131	0.6868686868686869	0.2727272727272727	0.6666666666666666	0.6150386380705487
SCZ	Epilepsy	G6_EPLEPSY	FE_MODE	0.0934	0.139	-0.045600000000000016	0.05210395544651754	-0.8751734798101163	0.3814795207703289	0.7527282712690062	0.14597367138418021	0.6868686868686869	0.2727272727272727	0.6666666666666666	0.6669668491621752
SCZ	Epilepsy	G6_EPLEPSY	GE	0.0934	-0.0286	0.122	0.06348669254573072	1.921662558056887	0.054648231424045735	0.43660930577763735	0.17786337938300198	0.7474747474747474	0.0909090909090909	0.6666666666666666	2.2254228481858638
SCZ	Epilepsy	G6_EPLEPSY	GE_STRICT	0.0934	-0.0334	0.1268	0.15685713606061047	0.808378905700559	0.4188724914680819	0.28598552835400526	0.4394486337429409	0.7474747474747474	0.0909090909090909	0.6666666666666666	2.8859711002633803
SCZ	Epilepsy	G6_EPLEPSY	GE_MODE	0.0934	-0.072	0.1654	0.0729785678261101	2.2664188257860487	0.023425752025992227	0.3893592068230335	0.20445567686068472	0.7474747474747474	0.0909090909090909	0.6666666666666666	2.5390804070409048
SCZ	Epilepsy	FE	FE_STRICT	0.1532	0.1839	-0.030700000000000005	0.026839333132173897	-1.1438436211814107	0.2526884957267961	0.9499471661630642	0.07519267896710802	0.33333333333333337	1.0	1.0	0.0922098694432019
SCZ	Epilepsy	FE	FE_MODE	0.1532	0.139	0.01419999999999999	0.02792612664332167	0.5084844089323722	0.6111136703379008	0.9362499356935231	0.07823742360308071	0.33333333333333337	1.0	1.0	0.1441380805348285
SCZ	Epilepsy	FE	GE	0.1532	-0.0286	0.18180000000000002	0.08778415713369024	2.070988728901606	0.038359849370306384	0.2700025035016509	0.24593479701025267	0.33333333333333337	0.0	1.0	1.7025940795585168
SCZ	Epilepsy	FE	GE_STRICT	0.1532	-0.0334	0.1866	0.176028977479672	1.0600527405866953	0.28912060623476155	0.07458571972927204	0.49316018126658967	0.6666666666666667	0.0	1.0	2.3631423316360336
SCZ	Epilepsy	FE	GE_MODE	0.1532	-0.072	0.2252	0.09656489146292573	2.3321105278356917	0.01969487735481855	0.21374071220751692	0.2705347725112159	0.6666666666666667	0.0	1.0	2.0162516384135585
SCZ	Epilepsy	FE_STRICT	FE_MODE	0.1839	0.139	0.044899999999999995	0.03474928782827607	1.2921128116894565	0.196318079715891	0.913481285369096	0.09735309111965113	0.33333333333333337	1.0	1.0	0.0519282110916264
SCZ	Epilepsy	FE_STRICT	GE	0.1839	-0.0286	0.21250000000000002	0.10350010901423677	2.0531379340940594	0.040059201821598715	0.08548005137920764	0.28996437548736653	0.6666666666666667	0.0	1.0	1.6103842101153147
SCZ	Epilepsy	FE_STRICT	GE_STRICT	0.1839	-0.0334	0.2173	0.18179977326920366	1.195271017627886	0.2319811594652842	0.036506136183875854	0.5093275574472901	0.6666666666666667	0.0	1.0	2.270932462192832
SCZ	Epilepsy	FE_STRICT	GE_MODE	0.1839	-0.072	0.2559	0.10898278916925708	2.3480771776043587	0.018870610765384686	0.08939365921427168	0.30532457116531275	0.6666666666666667	0.0	1.0	1.9240417689703564
SCZ	Epilepsy	FE_MODE	GE	0.139	-0.0286	0.16760000000000003	0.09328040410454527	1.796733211105733	0.07237798387012122	0.17377719606647196	0.2613330012788983	0.6666666666666667	0.0	1.0	1.558455999023688
SCZ	Epilepsy	FE_MODE	GE_STRICT	0.139	-0.0334	0.1724	0.18038411910074445	0.9557382371544286	0.33920449911754325	0.013873851462931353	0.5053614816549749	0.6666666666666667	0.0	1.0	2.219004251101205
SCZ	Epilepsy	FE_MODE	GE_MODE	0.139	-0.072	0.21100000000000002	0.1012972144222764	2.0829792922084414	0.037253111139787846	0.13459569176335537	0.28379277856146934	0.33333333333333337	0.0	1.0	1.8721135578787296
SCZ	Epilepsy	GE	GE_STRICT	-0.0286	-0.0334	0.004799999999999999	0.11956128773680645	0.04014677401740913	0.9679761115653488	0.7783014173323565	0.33496113638198827	0.33333333333333337	1.0	1.0	0.660548252077517
SCZ	Epilepsy	GE	GE_MODE	-0.0286	-0.072	0.043399999999999994	0.03714711096811994	1.168327734483749	0.24267459224032528	0.8715639106508489	0.10407079698388695	0.33333333333333337	1.0	1.0	0.3136575588550416
SCZ	Epilepsy	GE_STRICT	GE_MODE	-0.0334	-0.072	0.038599999999999995	0.11450553882454335	0.3371015969729352	0.7360403136071938	0.7826414390100355	0.32079702496290124	0.33333333333333337	1.0	1.0	0.3468906932224753
SCZ	Sleep apnoea	G6_SLEEPAPNO	G6_SLEEPAPNO_INCLAVO	0.0171	0.008	0.0091	0.0059288988843349145	1.5348549836199155	0.12481945327014929	0.9719491036645189	0.016610315474039166	0.44444444444444453	1.0	0.6666666666666666	0.0976805772971709
SCZ	Sleep apnoea	G6_SLEEPAPNO	SLEEP	0.0171	0.0674	-0.0503	0.008097484431577501	-6.211805706454549	5.237916796808527e-10	0.9517623935148962	0.02268579268740742	0.7581699346405228	0.0588235294117647	0.6666666666666666	0.1345241316552441
SCZ	Sleep apnoea	G6_SLEEPAPNO_INCLAVO	SLEEP	0.008	0.0674	-0.0594	0.010126739178234059	-5.8656591183538715	4.473520228459212e-09	0.9235663013040241	0.028370922789426007	0.8137254901960784	0.0588235294117647	0.5	0.036843554358073
SCZ	Insomnia	F5_INSOMNIA	KRA_PSY_SLEEP_NONORG_EXMORE	0.3709	0.4613	-0.09039999999999998	0.041429152123915625	-2.1820383803562122	0.029106700254854734	0.7754369999818411	0.1160673001893155	0.6333333333333333	0.1	1.0	0.2071965276612578
SCZ	Constipation	K11_CONSTIPATION	K11_OTHFUNC	0.2261	0.3393	-0.1132	0.046415027323581486	-2.438865309952924	0.014733458588210327	0.508764639631046	0.13003565444805543	0.7361111111111112	0.125	0.6666666666666666	0.8161211235429875
SCZ	ADHD	F5_ADHD	KRA_PSY_HYPERKIN_EXMORE	0.3659	0.4018	-0.03589999999999999	0.023986669219902303	-1.4966646544745326	0.13448053763842976	0.9392755142119547	0.06720069791824362	0.6000000000000001	0.2	1.0	0.0620505905283163
BIP	Epilepsy	G6_EPLEPSY	FE	0.1944	0.2867	-0.09230000000000002	0.05685435350369808	-1.6234464787994887	0.10449399578925349	0.7689806244781164	0.15928231636132978	0.6868686868686869	0.2727272727272727	0.6666666666666666	0.5228287686273466
BIP	Epilepsy	G6_EPLEPSY	FE_STRICT	0.1944	0.3412	-0.1468	0.07548663974605045	-1.944714991869548	0.051809290168201905	0.687476779422505	0.21148225407755383	0.6868686868686869	0.2727272727272727	0.6666666666666666	0.6150386380705487
BIP	Epilepsy	G6_EPLEPSY	FE_MODE	0.1944	0.261	-0.06660000000000002	0.05991193085347004	-1.1116316742133945	0.2662965480859394	0.7040581717472552	0.16784837986768794	0.6868686868686869	0.2727272727272727	0.6666666666666666	0.6669668491621752
BIP	Epilepsy	G6_EPLEPSY	GE	0.1944	-0.0235	0.21789999999999998	0.0796183417118385	2.7368065613403787	0.006203876101109575	0.24870984628891193	0.22305756923055392	0.7474747474747474	0.0909090909090909	0.6666666666666666	2.2254228481858638
BIP	Epilepsy	G6_EPLEPSY	GE_STRICT	0.1944	-0.0026	0.19699999999999998	0.1748910255592819	1.1264157172731766	0.2599895971026088	0.22944967698791086	0.4899721119875015	0.7474747474747474	0.0909090909090909	0.6666666666666666	2.8859711002633803
BIP	Epilepsy	G6_EPLEPSY	GE_MODE	0.1944	-0.1119	0.3063	0.09122539817817543	3.3576175727044246	0.0007861730072475031	0.2316436477840608	0.255575727052446	0.7474747474747474	0.0909090909090909	0.6666666666666666	2.5390804070409048
BIP	Epilepsy	FE	FE_STRICT	0.2867	0.3412	-0.05449999999999999	0.03797546229618529	-1.4351372361166652	0.15124799454261753	0.9307664115842771	0.10639149381999909	0.33333333333333337	1.0	1.0	0.0922098694432019
BIP	Epilepsy	FE	FE_MODE	0.2867	0.261	0.0257	0.03464388969113301	0.7418335593701487	0.45818818486567137	0.9180831069207772	0.09705780925661449	0.33333333333333337	1.0	1.0	0.1441380805348285
BIP	Epilepsy	FE	GE	0.2867	-0.0235	0.31020000000000003	0.10908389213870161	2.8436829115482665	0.004459540433162608	0.07987510608355392	0.30560781975001583	0.33333333333333337	0.0	1.0	1.7025940795585168
BIP	Epilepsy	FE	GE_STRICT	0.2867	-0.0026	0.2893	0.19907698703532542	1.4532066428585484	0.14616638833712725	-0.00018351081757957336	0.5577311441446348	0.6666666666666667	0.0	1.0	2.3631423316360336
BIP	Epilepsy	FE	GE_MODE	0.2867	-0.1119	0.3986	0.12157988624732093	3.2785028206816844	0.0010435932126599957	0.021404427968804218	0.3406164121303505	0.6666666666666667	0.0	1.0	2.0162516384135585
BIP	Epilepsy	FE_STRICT	FE_MODE	0.3412	0.261	0.0802	0.047079500563162596	1.7035015036406858	0.08847425685478391	0.8882577460220737	0.1318972328538975	0.33333333333333337	1.0	1.0	0.0519282110916264
BIP	Epilepsy	FE_STRICT	GE	0.3412	-0.0235	0.3647	0.13104044445207466	2.7831102185660055	0.005384051235788566	-0.09663147214932409	0.3671209721518859	0.6666666666666667	0.0	1.0	1.6103842101153147
BIP	Epilepsy	FE_STRICT	GE_STRICT	0.3412	-0.0026	0.3438	0.2081077413274302	1.652028885648592	0.09852866248685917	-0.023952646582039196	0.5830315718778057	0.6666666666666667	0.0	1.0	2.270932462192832
BIP	Epilepsy	FE_STRICT	GE_MODE	0.3412	-0.1119	0.4531	0.14000572061172153	3.2362963314662276	0.0012109160470737761	-0.09521533052658472	0.3922379573170532	0.6666666666666667	0.0	1.0	1.9240417689703564
BIP	Epilepsy	FE_MODE	GE	0.261	-0.0235	0.28450000000000003	0.11371136870243778	2.5019486023819253	0.012351185438216457	-0.03739055523269726	0.3185720896881433	0.6666666666666667	0.0	1.0	1.558455999023688
BIP	Epilepsy	FE_MODE	GE_STRICT	0.261	-0.0026	0.2636	0.2040489121560024	1.2918471224118497	0.19641009273033405	-0.08164169739290758	0.5716604160682879	0.6666666666666667	0.0	1.0	2.219004251101205
BIP	Epilepsy	FE_MODE	GE_MODE	0.261	-0.1119	0.3729	0.1259487431022126	2.960728236068035	0.0030691262376108474	-0.08242051557057724	0.3528561369150665	0.33333333333333337	0.0	1.0	1.8721135578787296
BIP	Epilepsy	GE	GE_STRICT	-0.0235	-0.0026	-0.020900000000000002	0.13354657262476022	-0.15649971084413314	0.8756391471477326	0.747030133815098	0.3741421037951782	0.33333333333333337	1.0	1.0	0.660548252077517
BIP	Epilepsy	GE	GE_MODE	-0.0235	-0.1119	0.0884	0.041260934504928196	2.1424623814431913	0.0321562927116274	0.8816089387424922	0.11559602419453416	0.33333333333333337	1.0	1.0	0.3136575588550416
BIP	Epilepsy	GE_STRICT	GE_MODE	-0.0026	-0.1119	0.1093	0.12480282683723164	0.8757814447788872	0.3811488591645422	0.7726734358106099	0.3496457548459006	0.33333333333333337	1.0	1.0	0.3468906932224753
BIP	Sleep apnoea	G6_SLEEPAPNO	G6_SLEEPAPNO_INCLAVO	0.1352	0.1382	-0.0030000000000000027	0.006450555605432979	-0.4650762172289862	0.6418768766788446	0.9742224194836533	0.018071781232796784	0.44444444444444453	1.0	0.6666666666666666	0.0976805772971709
BIP	Sleep apnoea	G6_SLEEPAPNO	SLEEP	0.1352	0.1994	-0.06420000000000001	0.009025765881734567	-7.112969784638606	1.1357215056135722e-12	0.9589227774430328	0.025286452276415926	0.7581699346405228	0.0588235294117647	0.6666666666666666	0.1345241316552441
BIP	Sleep apnoea	G6_SLEEPAPNO_INCLAVO	SLEEP	0.1382	0.1994	-0.061200000000000004	0.011527364719625174	-5.309105896147094	1.1016431593707238e-07	0.9300688454988554	0.032294894602298826	0.8137254901960784	0.0588235294117647	0.5	0.036843554358073
BIP	Insomnia	F5_INSOMNIA	KRA_PSY_SLEEP_NONORG_EXMORE	0.4296	0.5639	-0.13429999999999997	0.04829294374422475	-2.780944576733545	0.0054200989623650496	0.7844370427645032	0.1352967973329812	0.6333333333333333	0.1	1.0	0.2071965276612578
BIP	Constipation	K11_CONSTIPATION	K11_OTHFUNC	0.278	0.3329	-0.05489999999999995	0.049194693641941165	-1.1159740194660892	0.26443325568958376	0.5528536594681287	0.1378231265168584	0.7361111111111112	0.125	0.6666666666666666	0.8161211235429875
BIP	ADHD	F5_ADHD	KRA_PSY_HYPERKIN_EXMORE	0.4373	0.4571	-0.019799999999999984	0.0292665172241167	-0.6765410400006204	0.49869719869543105	0.9226729768988422	0.08199264204073393	0.6000000000000001	0.2	1.0	0.0620505905283163
MDD	Epilepsy	G6_EPLEPSY	FE	0.3316	0.279	0.05259999999999998	0.04983796670479411	1.0554202644655681	0.2912331589285049	0.7965192594940389	0.13962531082095747	0.6868686868686869	0.2727272727272727	0.6666666666666666	0.5228287686273466
MDD	Epilepsy	G6_EPLEPSY	FE_STRICT	0.3316	0.3065	0.02510000000000001	0.06224306912621988	0.40325774985646784	0.6867586197178366	0.7281597241940214	0.17437926239400128	0.6868686868686869	0.2727272727272727	0.6666666666666666	0.6150386380705487
MDD	Epilepsy	G6_EPLEPSY	FE_MODE	0.3316	0.2487	0.0829	0.05359729338449656	1.546719895075513	0.12193080355187726	0.7366832324873116	0.15015738487686955	0.6868686868686869	0.2727272727272727	0.6666666666666666	0.6669668491621752
MDD	Epilepsy	G6_EPLEPSY	GE	0.3316	0.1148	0.2168	0.06298181301672523	3.44226356174325	0.0005768679044532801	0.4607767049488288	0.17644891635761234	0.7474747474747474	0.0909090909090909	0.6666666666666666	2.2254228481858638
MDD	Epilepsy	G6_EPLEPSY	GE_STRICT	0.3316	0.3057	0.02589999999999998	0.28834662233063296	0.08982244976777191	0.9284283079639477	0.3354180263485428	0.8078276348143041	0.7474747474747474	0.0909090909090909	0.6666666666666666	2.8859711002633803
MDD	Epilepsy	G6_EPLEPSY	GE_MODE	0.3316	0.0814	0.2502	0.07219121441080356	3.4657956933130225	0.0005286648417804269	0.3906906502732689	0.20224983917093117	0.7474747474747474	0.0909090909090909	0.6666666666666666	2.5390804070409048
MDD	Epilepsy	FE	FE_STRICT	0.279	0.3065	-0.02749999999999997	0.031777292461045485	-0.8653978319175909	0.3868204705803039	0.9313514991684217	0.0890267928305177	0.33333333333333337	1.0	1.0	0.0922098694432019
MDD	Epilepsy	FE	FE_MODE	0.279	0.2487	0.03030000000000002	0.02880193676508025	1.0520125867624304	0.29279377487643055	0.9307907958909909	0.08069108029407328	0.33333333333333337	1.0	1.0	0.1441380805348285
MDD	Epilepsy	FE	GE	0.279	0.1148	0.1642	0.08666481057889888	1.8946559613202383	0.058137995674502244	0.3090589149413371	0.2427988522484035	0.33333333333333337	0.0	1.0	1.7025940795585168
MDD	Epilepsy	FE	GE_STRICT	0.279	0.3057	-0.0267	0.2930031731126593	-0.0911252930006116	0.9273930353419461	0.22198753961362447	0.8208733586526213	0.6666666666666667	0.0	1.0	2.3631423316360336
MDD	Epilepsy	FE	GE_MODE	0.279	0.0814	0.19760000000000003	0.09505486858200596	2.0787993602823835	0.037635795726826106	0.24096474053284	0.2663043147290187	0.6666666666666667	0.0	1.0	2.0162516384135585
MDD	Epilepsy	FE_STRICT	FE_MODE	0.3065	0.2487	0.05779999999999999	0.037796817816601026	1.5292292668779437	0.1262076175992975	0.9002878597978888	0.10589100608669831	0.33333333333333337	1.0	1.0	0.0519282110916264
MDD	Epilepsy	FE_STRICT	GE	0.3065	0.1148	0.19169999999999998	0.10298104354418369	1.8615076464801183	0.0626725218269308	0.14546707621160787	0.28851016933923296	0.6666666666666667	0.0	1.0	1.6103842101153147
MDD	Epilepsy	FE_STRICT	GE_STRICT	0.3065	0.3057	0.0007999999999999674	0.2939842988601138	0.0027212337635100386	0.997828772273458	0.21644236864198343	0.8236220660438	0.6666666666666667	0.0	1.0	2.270932462192832
MDD	Epilepsy	FE_STRICT	GE_MODE	0.3065	0.0814	0.2251	0.10878401421833458	2.0692378527989765	0.03852377225799765	0.11920790186332536	0.30476768620107714	0.6666666666666667	0.0	1.0	1.9240417689703564
MDD	Epilepsy	FE_MODE	GE	0.2487	0.1148	0.13390000000000002	0.09170334754835421	1.4601429891029436	0.1442507798982926	0.22199192764889372	0.2569147429429453	0.6666666666666667	0.0	1.0	1.558455999023688
MDD	Epilepsy	FE_MODE	GE_STRICT	0.2487	0.3057	-0.05700000000000002	0.2946941628468005	-0.19342086537910833	0.846629375760497	0.20042040722600996	0.8256108104957722	0.6666666666666667	0.0	1.0	2.219004251101205
MDD	Epilepsy	FE_MODE	GE_MODE	0.2487	0.0814	0.1673	0.1001991957840115	1.669674079626651	0.09498386480945678	0.15306792842328634	0.28071658577529385	0.33333333333333337	0.0	1.0	1.8721135578787296
MDD	Epilepsy	GE	GE_STRICT	0.1148	0.3057	-0.19090000000000001	0.2745455659751682	-0.6953308436140117	0.48684798913328575	0.47045557906199237	0.7691627993344899	0.33333333333333337	1.0	1.0	0.660548252077517
MDD	Epilepsy	GE	GE_MODE	0.1148	0.0814	0.0334	0.03414404174669983	0.9782087383731675	0.327971095454497	0.8955711150723075	0.09565744264418632	0.33333333333333337	1.0	1.0	0.3136575588550416
MDD	Epilepsy	GE_STRICT	GE_MODE	0.3057	0.0814	0.22430000000000003	0.2781110169795976	0.8065124583556315	0.4199474274848325	0.40617838341942064	0.7791517141644054	0.33333333333333337	1.0	1.0	0.3468906932224753
MDD	Sleep apnoea	G6_SLEEPAPNO	G6_SLEEPAPNO_INCLAVO	0.3528	0.363	-0.010199999999999987	0.005470132176423899	-1.864671578497074	0.06222745294181034	0.9743952193374437	0.015325041446593315	0.44444444444444453	1.0	0.6666666666666666	0.0976805772971709
MDD	Sleep apnoea	G6_SLEEPAPNO	SLEEP	0.3528	0.4204	-0.0676	0.007328015054636742	-9.224871878125665	2.8390010018729555e-20	0.956860677795156	0.020530058655179595	0.7581699346405228	0.0588235294117647	0.6666666666666666	0.1345241316552441
MDD	Sleep apnoea	G6_SLEEPAPNO_INCLAVO	SLEEP	0.363	0.4204	-0.05740000000000001	0.009001437859009427	-6.37675901328909	1.808747299037648e-10	0.9341477458480593	0.025218295247563256	0.8137254901960784	0.0588235294117647	0.5	0.036843554358073
MDD	Insomnia	F5_INSOMNIA	KRA_PSY_SLEEP_NONORG_EXMORE	0.5488	0.6873	-0.13850000000000007	0.04982447992228275	-2.7797580670392392	0.0054399410149208495	0.6987580760218323	0.13958752645043374	0.6333333333333333	0.1	1.0	0.2071965276612578
MDD	Constipation	K11_CONSTIPATION	K11_OTHFUNC	0.5001	0.5852	-0.08510000000000006	0.050977323073219075	-1.6693697289237874	0.09504412897299136	0.3912348956377413	0.1428173147808997	0.7361111111111112	0.125	0.6666666666666666	0.8161211235429875
MDD	ADHD	F5_ADHD	KRA_PSY_HYPERKIN_EXMORE	0.7324	0.7376	-0.005199999999999982	0.03629932984919667	-0.1432533333701493	0.8860901101910803	0.9050715817479329	0.10169566593291623	0.6000000000000001	0.2	1.0	0.0620505905283163
PTSD	Epilepsy	G6_EPLEPSY	FE	0.3729	0.2686	0.1043	0.0563971495724824	1.8493842470877395	0.06440234846580681	0.7020811797812601	0.1580014205859728	0.6868686868686869	0.2727272727272727	0.6666666666666666	0.5228287686273466
PTSD	Epilepsy	G6_EPLEPSY	FE_STRICT	0.3729	0.2854	0.08750000000000002	0.06461477893314764	1.3541793602749939	0.17567916216657908	0.668565948060113	0.18102380953074365	0.6868686868686869	0.2727272727272727	0.6666666666666666	0.6150386380705487
PTSD	Epilepsy	G6_EPLEPSY	FE_MODE	0.3729	0.2141	0.1588	0.05964265279750528	2.662524092265766	0.007755701736853868	0.6482777214725691	0.16709397444653487	0.6868686868686869	0.2727272727272727	0.6666666666666666	0.6669668491621752
PTSD	Epilepsy	G6_EPLEPSY	GE	0.3729	0.1667	0.20620000000000002	0.0712283790249498	2.894913555842293	0.0037926295981926448	0.36367832729291977	0.19955237378644716	0.7474747474747474	0.0909090909090909	0.6666666666666666	2.2254228481858638
PTSD	Epilepsy	G6_EPLEPSY	GE_STRICT	0.3729	0.4254	-0.05249999999999999	0.38181527615671235	-0.13750104639200417	0.8906347657001281	0.22710792340782623	1.0696880337303663	0.7474747474747474	0.0909090909090909	0.6666666666666666	2.8859711002633803
PTSD	Epilepsy	G6_EPLEPSY	GE_MODE	0.3729	0.1574	0.2155	0.07974719303739998	2.7022894699119306	0.006886377993172451	0.38264759344098664	0.2234185571995812	0.7474747474747474	0.0909090909090909	0.6666666666666666	2.5390804070409048
PTSD	Epilepsy	FE	FE_STRICT	0.2686	0.2854	-0.01679999999999998	0.03191493781592238	-0.5263992709902273	0.5986108221011334	0.9290228794422155	0.08941241802208273	0.33333333333333337	1.0	1.0	0.0922098694432019
PTSD	Epilepsy	FE	FE_MODE	0.2686	0.2141	0.05449999999999999	0.030683373091072497	1.776206280783943	0.07569892342799521	0.923696780345817	0.08596208449379393	0.33333333333333337	1.0	1.0	0.1441380805348285
PTSD	Epilepsy	FE	GE	0.2686	0.1667	0.10190000000000002	0.09430663102177672	1.0805178691673323	0.27991163390196616	0.22315863861024826	0.26420806344064357	0.33333333333333337	0.0	1.0	1.7025940795585168
PTSD	Epilepsy	FE	GE_STRICT	0.2686	0.4254	-0.1568	0.3904368063409372	-0.40160148186203304	0.6879773391100861	0.0952957692893046	1.0938419852520054	0.6666666666666667	0.0	1.0	2.3631423316360336
PTSD	Epilepsy	FE	GE_MODE	0.2686	0.1574	0.1112	0.10228064928702126	1.0872046743460646	0.27694636549626395	0.21454619915186382	0.2865479551415155	0.6666666666666667	0.0	1.0	2.0162516384135585
PTSD	Epilepsy	FE_STRICT	FE_MODE	0.2854	0.2141	0.07129999999999997	0.04181139980050959	1.7052765595073665	0.08814285719195761	0.8750688309616611	0.11713819962971918	0.33333333333333337	1.0	1.0	0.0519282110916264
PTSD	Epilepsy	FE_STRICT	GE	0.2854	0.1667	0.1187	0.11018019428363118	1.0773261090322341	0.28133460202673644	0.041752607126877374	0.3086792036338361	0.6666666666666667	0.0	1.0	1.6103842101153147
PTSD	Epilepsy	FE_STRICT	GE_STRICT	0.2854	0.4254	-0.14	0.3920866691020233	-0.35706391222286415	0.7210439599338545	0.08608851793624243	1.098464216375379	0.6666666666666667	0.0	1.0	2.270932462192832
PTSD	Epilepsy	FE_STRICT	GE_MODE	0.2854	0.1574	0.12799999999999997	0.11399407370039959	1.122865389795709	0.2614946686630202	0.10593795694728315	0.31936411183151975	0.6666666666666667	0.0	1.0	1.9240417689703564
PTSD	Epilepsy	FE_MODE	GE	0.2141	0.1667	0.047400000000000025	0.09661334406668866	0.4906154575012075	0.6236984515705128	0.17932904562846497	0.2706705166096972	0.6666666666666667	0.0	1.0	1.558455999023688
PTSD	Epilepsy	FE_MODE	GE_STRICT	0.2141	0.4254	-0.2113	0.3923721540008749	-0.5385193568031049	0.5902185452337183	0.06988239335614177	1.0992640266479963	0.6666666666666667	0.0	1.0	2.219004251101205
PTSD	Epilepsy	FE_MODE	GE_MODE	0.2141	0.1574	0.0567	0.1044415952882694	0.5428871499281703	0.5872075039613709	0.17658947244793738	0.2926020295157526	0.33333333333333337	0.0	1.0	1.8721135578787296
PTSD	Epilepsy	GE	GE_STRICT	0.1667	0.4254	-0.25870000000000004	0.36499526797970266	-0.7087763121750562	0.47846329972150536	0.4271775983528906	1.0225653474531167	0.33333333333333337	1.0	1.0	0.660548252077517
PTSD	Epilepsy	GE	GE_MODE	0.1667	0.1574	0.009299999999999975	0.04143438016681366	0.2244512880983964	0.8224061663942104	0.8709770188541186	0.11608194699701829	0.33333333333333337	1.0	1.0	0.3136575588550416
PTSD	Epilepsy	GE_STRICT	GE_MODE	0.4254	0.1574	0.268	0.36331417497697877	0.7376535749451056	0.46072499024717517	0.41368255248580904	1.0178556221464121	0.33333333333333337	1.0	1.0	0.3468906932224753
PTSD	Sleep apnoea	G6_SLEEPAPNO	G6_SLEEPAPNO_INCLAVO	0.3378	0.3504	-0.0126	0.0060898841758680045	-2.0690048671088386	0.03854562997608318	0.9772588004400504	0.017061329487131877	0.44444444444444453	1.0	0.6666666666666666	0.0976805772971709
PTSD	Sleep apnoea	G6_SLEEPAPNO	SLEEP	0.3378	0.4012	-0.06340000000000001	0.008219900249005959	-7.712988975464397	1.2290470849451567e-14	0.9590946282515318	0.0230287510319782	0.7581699346405228	0.0588235294117647	0.6666666666666666	0.1345241316552441
PTSD	Sleep apnoea	G6_SLEEPAPNO_INCLAVO	SLEEP	0.3504	0.4012	-0.05080000000000001	0.010884899241602889	-4.667016099316625	3.056053930649321e-06	0.9272701866193661	0.030494972815923713	0.8137254901960784	0.0588235294117647	0.5	0.036843554358073
PTSD	Insomnia	F5_INSOMNIA	KRA_PSY_SLEEP_NONORG_EXMORE	0.4913	0.6161	-0.12479999999999997	0.04997738076395951	-2.49712966330556	0.012520316657791816	0.7219664684970022	0.14001589118831237	0.6333333333333333	0.1	1.0	0.2071965276612578
PTSD	Constipation	K11_CONSTIPATION	K11_OTHFUNC	0.3874	0.594	-0.20659999999999995	0.055305283196828744	-3.735628642651026	0.00018724682564904072	0.3949972579372021	0.15494246388778693	0.7361111111111112	0.125	0.6666666666666666	0.8161211235429875
PTSD	ADHD	F5_ADHD	KRA_PSY_HYPERKIN_EXMORE	0.7935	0.7908	0.0027000000000000357	0.03940216609294222	0.06852415153093992	0.945368395116946	0.9114688573877612	0.11038852608761893	0.6000000000000001	0.2	1.0	0.0620505905283163
ASD	MDD definition (positive control)	MDD_EHR	MDD_Clin	0.3186	0.392	-0.07340000000000002	0.07334417079735693	-1.0007611948166588	0.3169422743424104	0.1977259477077295	0.20547994474062803				
SCZ	MDD definition (positive control)	MDD_EHR	MDD_Clin	0.3684	0.3975	-0.029100000000000015	0.04081724963912692	-0.7129338761743788	0.4758866754139791	0.2669168279272552	0.11435300323300486				
BIP	MDD definition (positive control)	MDD_EHR	MDD_Clin	0.4623	0.4844	-0.02210000000000001	0.045897951728457835	-0.48150296838404394	0.6301590705385565	0.23826905774274942	0.12858702310411005				
PTSD	MDD definition (positive control)	MDD_EHR	MDD_Clin	0.9068	0.7497	0.15710000000000002	0.05235975208845613	3.0003961770979473	0.002696286555660189	0.16147507738124123	0.1466903074750783				
G6_EPLEPSY	MDD definition (positive control)	MDD_EHR	MDD_Clin	0.3505	0.1425	0.208	0.08691088598224071	2.3932560075673663	0.016699584344098236	0.31439975678056187	0.24348825346094716				
FE	MDD definition (positive control)	MDD_EHR	MDD_Clin	0.2917	0.0682	0.22350000000000003	0.13280925020004244	1.6828647075663454	0.09240128506287063	0.3202254950650671	0.3720764321891057				
FE_STRICT	MDD definition (positive control)	MDD_EHR	MDD_Clin	0.3213	0.0412	0.28009999999999996	0.15566089050859475	1.7994243710467168	0.07195157731912116	0.2587062713464987	0.4360972498871803				
FE_MODE	MDD definition (positive control)	MDD_EHR	MDD_Clin	0.2664	0.0465	0.21990000000000004	0.13518631035614015	1.6266439953918914	0.10381272963548706	0.26950786076198224	0.3787359687849943				
GE	MDD definition (positive control)	MDD_EHR	MDD_Clin	0.1393	0.068	0.0713	0.11859115252597213	0.6012252894193342	0.5476899426393366	0.45629246620555153	0.33224321991574396				
GE_STRICT	MDD definition (positive control)	MDD_EHR	MDD_Clin	0.3822	-0.0027	0.38489999999999996	0.4262414328070884	0.9030093519186365	0.3665209315834723	0.2583790779194985	1.194151697499631				
GE_MODE	MDD definition (positive control)	MDD_EHR	MDD_Clin	0.1056	0.0118	0.0938	0.1327145046238266	0.7067803196483454	0.47970300655371334	0.38878512452847264	0.37181099438329784				
G6_SLEEPAPNO	MDD definition (positive control)	MDD_EHR	MDD_Clin	0.3622	0.2759	0.08630000000000004	0.04916908415716916	1.7551679369121818	0.07923058651097606	0.41880031760004527	0.13775137936287765				
G6_SLEEPAPNO_INCLAVO	MDD definition (positive control)	MDD_EHR	MDD_Clin	0.3697	0.2781	0.09159999999999996	0.049188188266469014	1.8622356957685013	0.06256987498355188	0.41466560636800676	0.13780490115309735				
SLEEP	MDD definition (positive control)	MDD_EHR	MDD_Clin	0.4337	0.315	0.11869999999999997	0.05216430631571717	2.2755023191832517	0.022875813714159827	0.43333333353481546	0.14614274948723016				
F5_INSOMNIA	MDD definition (positive control)	MDD_EHR	MDD_Clin	0.5751	0.3841	0.19099999999999995	0.10834524991919768	1.7628830072610011	0.07792022358762368	0.4435986531528616	0.3035384506263795				
KRA_PSY_SLEEP_NONORG_EXMORE	MDD definition (positive control)	MDD_EHR	MDD_Clin	0.7126	0.5625	0.1501	0.09744499909811331	1.5403561125683891	0.12347357297792784	0.40488001563983755	0.2730004690523058				
K11_CONSTIPATION	MDD definition (positive control)	MDD_EHR	MDD_Clin	0.5108	0.3769	0.13390000000000002	0.0680262675173524	1.9683572961848053	0.0490269417365935	0.4315356926858553	0.19058138552001286				
K11_OTHFUNC	MDD definition (positive control)	MDD_EHR	MDD_Clin	0.5901	0.4877	0.10239999999999994	0.0886558731300633	1.1550278214481426	0.24807903360147598	0.4065446119202081	0.24837698366008404				
F5_ADHD	MDD definition (positive control)	MDD_EHR	MDD_Clin	0.7539	0.6105	0.14339999999999997	0.1133921475691241	1.2646378349310567	0.20600118375998056	0.4885871221182643	0.31767776447974244				
KRA_PSY_HYPERKIN_EXMORE	MDD definition (positive control)	MDD_EHR	MDD_Clin	0.7565	0.6363	0.12019999999999997	0.09872708309960267	1.2174977344234301	0.22341489790477953	0.39515894070240626	0.2765923366392575				
KRA_PSY_MENTALRET_EXMORE	MDD definition (positive control)	MDD_EHR	MDD_Clin	0.4962	0.2009	0.2953	0.19402039513886862	1.5220049407106984	0.12800784272348248	0.4797123186657968	0.5435646710334916				
G6_STATUSEPI	MDD definition (positive control)	MDD_EHR	MDD_Clin	0.141	0.3566	-0.21559999999999999	0.34148331899490153	-0.6313631969918243	0.5278030740027146	0.6118703161575905	0.9566946187282716				
G6_SLEEPDISOTH	MDD definition (positive control)	MDD_EHR	MDD_Clin	0.5919	0.2589	0.33299999999999996	0.1622903768898744	2.05187766755859	0.04018155273280591	0.5102522876991648	0.45467032093665466				
F5_SLEEP_NOS	MDD definition (positive control)	MDD_EHR	MDD_Clin	0.6198	0.6181	0.0017000000000000348	0.18731234585858567	0.009075749877605377	0.9927586987051623	0.7684971908284693	0.5247714993274775				
K11_IBS	MDD definition (positive control)	MDD_EHR	MDD_Clin	0.5716	0.4432	0.12840000000000001	0.07963855407515967	1.6122844204180458	0.10690006196195	0.3911843596042778	0.22311419588885764				
K11_FUNCDYSP	MDD definition (positive control)	MDD_EHR	MDD_Clin	0.5483	0.5001	0.04820000000000002	0.10198481663335701	0.47261937209028476	0.6364847590891534	0.3379716547527388	0.28571915475197457				
K11_REFLUX	MDD definition (positive control)	MDD_EHR	MDD_Clin	0.4905	0.3629	0.1276	0.06341642585847759	2.012096996521955	0.04420971323208972	0.3934911242521457	0.17766652127066784				
N14_NEUROMUSCDYSBLADD	MDD definition (positive control)	MDD_EHR	MDD_Clin	0.4414	0.3063	0.1351	0.11126072019623673	1.2142650142989961	0.22464654087228986	0.4502505726083566	0.31170638905837983				
N14_OTHBLADD	MDD definition (positive control)	MDD_EHR	MDD_Clin	0.3619	0.1701	0.1918	0.1768116456257358	1.084770176315143	0.27802345762388225	0.42575934503632024	0.49535289277528993				
KRA_PSY_DEVWIDE_EXMORE	MDD definition (positive control)	MDD_EHR	MDD_Clin	0.4046	0.4486	-0.043999999999999984	0.14876665383002655	-0.2957652058926607	0.7674093964577455	0.48050333609476814	0.4167824583183314				
KRA_PSY_AUTISM_EXMORE	MDD definition (positive control)	MDD_EHR	MDD_Clin	0.2851	0.4805	-0.19539999999999996	0.13584473381168466	-1.4384068820133584	0.15031864110486265	0.507956128632787	0.3805805982053067				
