trait1	trait2	rg	se	p	h2_obs_2	gcov_int	gcov_int_se	se_rebuilt	se_check_ok
ASD	G6_EPLEPSY	-0.0369	0.0751	0.6235	0.0115	0.0066	0.0068	0.07509444423553722	True
ASD	FE	-0.166	0.1139	0.145	0.0034	0.0094	0.0062	0.11394159513222732	True
ASD	FE_STRICT	-0.1842	0.1284	0.1513	0.0029	0.0107	0.0062	0.12836887592425564	True
ASD	FE_MODE	-0.2337	0.1207	0.0529	0.0034	0.0113	0.0062	0.12068361236794355	True
ASD	GE	-0.0414	0.0946	0.6615	0.0043	0.0003	0.0061	0.09455906167047536	True
ASD	GE_STRICT	-0.1066	0.2476	0.6667	0.0007	0.0025	0.0057	0.24760620549452786	True
ASD	GE_MODE	-0.0361	0.1149	0.7533	0.0033	0.0007	0.0059	0.114853667239067	True
ASD	G6_SLEEPAPNO	0.1125	0.0481	0.0193	0.0459	0.0025	0.0079	0.04809731422830805	True
ASD	G6_SLEEPAPNO_INCLAVO	0.0997	0.0483	0.0391	0.0467	0.0057	0.0081	0.04832137497547159	True
ASD	SLEEP	0.1394	0.0531	0.0087	0.0408	0.0039	0.0081	0.0531024472802617	True
ASD	F5_INSOMNIA	0.2174	0.0945	0.0215	0.0054	0.0024	0.0065	0.09453402089924111	True
ASD	KRA_PSY_SLEEP_NONORG_EXMORE	0.3108	0.0827	0.0002	0.0103	0.0002	0.006	0.08274175543594128	True
ASD	K11_CONSTIPATION	0.0942	0.056	0.0925	0.0138	-0.0012	0.0064	0.05596411865815781	True
ASD	K11_OTHFUNC	0.0845	0.074	0.2536	0.0098	-0.0004	0.0064	0.07401885659907331	True
ASD	F5_ADHD	0.5314	0.1048	0.0	0.0054	0.004	0.0061	0.10480841983067081	True
ASD	KRA_PSY_HYPERKIN_EXMORE	0.5477	0.0814	0.0	0.0102	0.0014	0.006	0.08136031442507247	True
ASD	F5_MILDRET				-0.0003	0.0012	0.0058		
ASD	KRA_PSY_MENTALRET_EXMORE	0.1042	0.1765	0.5549	0.0021	0.004	0.0067	0.17653983929245265	True
ASD	G6_STATUSEPI	-0.1419	0.2773	0.609	0.0008	0.0062	0.0062	0.27731644831740365	True
ASD	G6_SLEEPDISOTH	0.1361	0.1731	0.4318	0.0035	0.0062	0.0073	0.1731015884381434	True
ASD	F5_SLEEP_NOS	0.2243	0.2044	0.2725	0.0018	0.0012	0.0071	0.20443241964423944	True
ASD	K11_IBS	0.2023	0.07	0.0039	0.0123	-0.0107	0.0062	0.07000400527085231	True
ASD	K11_FUNCDYSP	0.0925	0.0926	0.318	0.0078	0.0021	0.0066	0.09263682529790428	True
ASD	K11_REFLUX	0.0931	0.061	0.1273	0.0224	-0.0013	0.0075	0.06104987884109473	True
ASD	N14_NEUROMUSCDYSBLADD	0.2425	0.1183	0.0404	0.0048	-0.0012	0.0066	0.11832787036872139	True
ASD	N14_OTHBLADD	0.1007	0.1504	0.5031	0.0022	0.0036	0.0062	0.1504339976388196	True
ASD	KRA_PSY_DEVWIDE_EXMORE	0.98	0.2173	0.0	0.0035	-0.0109	0.0065	0.2172897544515884	True
ASD	KRA_PSY_AUTISM_EXMORE	0.7148	0.1579	0.0	0.0043	-0.0077	0.0063	0.15787821479033196	True
SCZ	G6_EPLEPSY	0.0934	0.0508	0.0663	0.0115	0.0061	0.0085	0.05084640427431252	True
SCZ	FE	0.1532	0.0782	0.0502	0.0034	-0.0072	0.0085	0.07821493733576132	True
SCZ	FE_STRICT	0.1839	0.0854	0.0313	0.0029	-0.0085	0.0085	0.08540285097921427	True
SCZ	FE_MODE	0.139	0.0782	0.0755	0.0034	-0.005	0.0085	0.07820256476127586	True
SCZ	GE	-0.0286	0.0662	0.6654	0.0043	0.0056	0.0079	0.0662232331903525	True
SCZ	GE_STRICT	-0.0334	0.1636	0.8381	0.0007	0.0049	0.0076	0.16363947378135776	True
SCZ	GE_MODE	-0.072	0.0758	0.342	0.0033	0.0122	0.0079	0.07576586526319175	True
SCZ	G6_SLEEPAPNO	0.0171	0.0251	0.4971	0.0459	0.0208	0.0094	0.02513535528632325	True
SCZ	G6_SLEEPAPNO_INCLAVO	0.008	0.024	0.7392	0.0467	0.0257	0.0092	0.023977922638467403	True
SCZ	SLEEP	0.0674	0.0264	0.0107	0.0408	0.0233	0.0091	0.026390200030332888	True
SCZ	F5_INSOMNIA	0.3709	0.0651	0.0	0.0054	0.0074	0.008	0.06511960597876043	True
SCZ	KRA_PSY_SLEEP_NONORG_EXMORE	0.4613	0.0556	0.0	0.0103	0.0114	0.0081	0.05556299703324057	True
SCZ	K11_CONSTIPATION	0.2261	0.0351	0.0	0.0138	0.0219	0.0085	0.03512308765693365	True
SCZ	K11_OTHFUNC	0.3393	0.0531	0.0	0.0098	-0.0072	0.0084	0.053083563945904313	True
SCZ	F5_ADHD	0.3659	0.0669	0.0	0.0054	0.0149	0.0091	0.06685751876717586	True
SCZ	KRA_PSY_HYPERKIN_EXMORE	0.4018	0.0558	0.0	0.0102	0.018	0.0088	0.05579942638937033	True
SCZ	F5_MILDRET				-0.0003	0.0015	0.0075		
SCZ	KRA_PSY_MENTALRET_EXMORE	0.4802	0.1751	0.0061	0.0021	-0.0029	0.008	0.17512458100599754	True
SCZ	G6_STATUSEPI	0.3413	0.3387	0.3136	0.0008	-0.0039	0.0078	0.3386797905174309	True
SCZ	G6_SLEEPDISOTH	0.2061	0.0912	0.0238	0.0035	0.0069	0.0087	0.09118504848240211	True
SCZ	F5_SLEEP_NOS	0.4233	0.1497	0.0047	0.0018	-0.0057	0.0094	0.1497441087235267	True
SCZ	K11_IBS	0.1431	0.0435	0.001	0.0123	0.0108	0.0081	0.04354452296759147	True
SCZ	K11_FUNCDYSP	0.0362	0.0523	0.4892	0.0078	0.015	0.0087	0.05234024338312475	True
SCZ	K11_REFLUX	0.0678	0.034	0.0463	0.0224	0.0144	0.009	0.03400835727449569	True
SCZ	N14_NEUROMUSCDYSBLADD	0.1715	0.0678	0.0115	0.0048	-0.0087	0.0078	0.06784204996829067	True
SCZ	N14_OTHBLADD	0.2056	0.108	0.0569	0.0022	-0.0004	0.0072	0.10799570266834	True
SCZ	KRA_PSY_DEVWIDE_EXMORE	0.3311	0.1137	0.0036	0.0035	0.0088	0.0084	0.11370579687849547	True
SCZ	KRA_PSY_AUTISM_EXMORE	0.2771	0.0948	0.0035	0.0043	0.0058	0.0082	0.09482200036762227	True
BIP	G6_EPLEPSY	0.1944	0.0539	0.0003	0.0115	0.0018	0.0078	0.053890424072188116	True
BIP	FE	0.2867	0.0867	0.0009	0.0034	-0.0091	0.0072	0.08666867726939172	True
BIP	FE_STRICT	0.3412	0.1016	0.0008	0.0029	-0.012	0.0074	0.10159793137803753	True
BIP	FE_MODE	0.261	0.084	0.0019	0.0034	-0.0092	0.0072	0.08403815943327624	True
BIP	GE	-0.0235	0.0735	0.7494	0.0043	0.0098	0.0075	0.07352416573170079	True
BIP	GE_STRICT	-0.0026	0.1792	0.9886	0.0007	0.0064	0.007	0.17920515271782755	True
BIP	GE_MODE	-0.1119	0.0871	0.199	0.0033	0.0146	0.0073	0.0871407926831978	True
BIP	G6_SLEEPAPNO	0.1352	0.0284	0.0	0.0459	0.0101	0.0079	0.028426036672889735	True
BIP	G6_SLEEPAPNO_INCLAVO	0.1382	0.0284	0.0	0.0467	0.0088	0.008	0.028391842899038656	True
BIP	SLEEP	0.1994	0.0313	0.0	0.0408	0.0101	0.0082	0.03131347502601388	True
BIP	F5_INSOMNIA	0.4296	0.0776	0.0	0.0054	0.0085	0.0073	0.07761042499741591	True
BIP	KRA_PSY_SLEEP_NONORG_EXMORE	0.5639	0.0648	0.0	0.0103	0.0055	0.0078	0.06478749708017403	True
BIP	K11_CONSTIPATION	0.278	0.0405	0.0	0.0138	0.0138	0.0079	0.04048710403275296	True
BIP	K11_OTHFUNC	0.3329	0.0582	0.0	0.0098	-0.0002	0.0078	0.058187505380185675	True
BIP	F5_ADHD	0.4373	0.0736	0.0	0.0054	0.0057	0.008	0.07362093242928729	True
BIP	KRA_PSY_HYPERKIN_EXMORE	0.4571	0.0608	0.0	0.0102	0.0056	0.008	0.06080718673693468	True
BIP	F5_MILDRET				-0.0003	0.0158	0.0071		
BIP	KRA_PSY_MENTALRET_EXMORE	0.2213	0.1263	0.0797	0.0021	0.0035	0.0072	0.12630597142598796	True
BIP	G6_STATUSEPI	0.1395	0.2166	0.5194	0.0008	-0.0005	0.0064	0.21658235952046653	True
BIP	G6_SLEEPDISOTH	0.3172	0.1056	0.0027	0.0035	0.0059	0.0087	0.10561057788927086	True
BIP	F5_SLEEP_NOS	0.4582	0.1632	0.005	0.0018	-0.0025	0.008	0.16318612795620177	True
BIP	K11_IBS	0.1859	0.0532	0.0005	0.0123	0.003	0.0075	0.05321350352891721	True
BIP	K11_FUNCDYSP	0.0997	0.056	0.0751	0.0078	0.003	0.0076	0.056016064089866785	True
BIP	K11_REFLUX	0.1005	0.0414	0.0151	0.0224	0.0018	0.0089	0.041360128612235446	True
BIP	N14_NEUROMUSCDYSBLADD	0.1482	0.0768	0.0536	0.0048	-0.001	0.0077	0.07676524343520465	True
BIP	N14_OTHBLADD	0.2505	0.1165	0.0316	0.0022	0.0047	0.0066	0.11651316610066807	True
BIP	KRA_PSY_DEVWIDE_EXMORE	0.3342	0.1104	0.0025	0.0035	0.0066	0.007	0.11040176148835075	True
BIP	KRA_PSY_AUTISM_EXMORE	0.21	0.0878	0.0168	0.0043	0.0092	0.0069	0.08784986552798414	True
MDD	G6_EPLEPSY	0.3316	0.0449	0.0	0.0115	0.015	0.0085	0.0449255161329212	True
MDD	FE	0.279	0.0776	0.0003	0.0034	0.0059	0.0082	0.07756942338486192	True
MDD	FE_STRICT	0.3065	0.0868	0.0004	0.0029	0.0025	0.008	0.08680578687845111	True
MDD	FE_MODE	0.2487	0.0773	0.0013	0.0034	0.0019	0.0084	0.07725133575798088	True
MDD	GE	0.1148	0.0695	0.0982	0.0043	0.0049	0.0084	0.06945432763321366	True
MDD	GE_STRICT	0.3057	0.3003	0.3087	0.0007	-0.0042	0.0083	0.3002924984050672	True
MDD	GE_MODE	0.0814	0.0767	0.2885	0.0033	0.0035	0.0083	0.0767241128323564	True
MDD	G6_SLEEPAPNO	0.3528	0.0243	0.0	0.0459	0.028	0.01	0.024324311880221546	True
MDD	G6_SLEEPAPNO_INCLAVO	0.363	0.0238	0.0	0.0467	0.0237	0.0099	0.023806268939779402	True
MDD	SLEEP	0.4204	0.0252	0.0	0.0408	0.0402	0.0098	0.025212046541875314	True
MDD	F5_INSOMNIA	0.5488	0.0683	0.0	0.0054	0.0363	0.0075	0.06832927917776258	True
MDD	KRA_PSY_SLEEP_NONORG_EXMORE	0.6873	0.0574	0.0	0.0103	0.0428	0.0077	0.05740141789068055	True
MDD	K11_CONSTIPATION	0.5001	0.0376	0.0	0.0138	0.0362	0.0088	0.037640580007228135	True
MDD	K11_OTHFUNC	0.5852	0.0521	0.0	0.0098	0.0283	0.0083	0.052126019128441524	True
MDD	F5_ADHD	0.7324	0.0815	0.0	0.0054	0.0244	0.0086	0.08153390282252232	True
MDD	KRA_PSY_HYPERKIN_EXMORE	0.7376	0.0631	0.0	0.0102	0.0325	0.009	0.0630505930221868	True
MDD	F5_MILDRET				-0.0003	0.0068	0.0076		
MDD	KRA_PSY_MENTALRET_EXMORE	0.4481	0.1723	0.0093	0.0021	0.0107	0.0077	0.17229008783107091	True
MDD	G6_STATUSEPI	0.1924	0.2184	0.3781	0.0008	0.021	0.0075	0.21835061952007473	True
MDD	G6_SLEEPDISOTH	0.5461	0.1276	0.0	0.0035	0.0235	0.0075	0.12760441088151883	True
MDD	F5_SLEEP_NOS	0.5809	0.195	0.0029	0.0018	-0.0001	0.0082	0.19504534442586371	True
MDD	K11_IBS	0.553	0.0442	0.0	0.0123	0.013	0.0087	0.04420136205642441	True
MDD	K11_FUNCDYSP	0.5358	0.0534	0.0	0.0078	0.0088	0.008	0.053414456262695476	True
MDD	K11_REFLUX	0.4798	0.0286	0.0	0.0224	0.0174	0.0093	0.028574263218407808	True
MDD	N14_NEUROMUSCDYSBLADD	0.4112	0.0778	0.0	0.0048	0.0026	0.0081	0.07775719879528283	True
MDD	N14_OTHBLADD	0.3358	0.1226	0.0062	0.0022	0.018	0.0075	0.12259261856922657	True
MDD	KRA_PSY_DEVWIDE_EXMORE	0.4343	0.11	0.0001	0.0035	0.0199	0.0074	0.10997639641227819	True
MDD	KRA_PSY_AUTISM_EXMORE	0.326	0.0805	0.0001	0.0043	0.0198	0.0076	0.08049174029059102	True
PTSD	G6_EPLEPSY	0.3729	0.0494	0.0	0.0115	0.0077	0.0079	0.04938104224321666	True
PTSD	FE	0.2686	0.0788	0.0007	0.0034	0.0076	0.0073	0.07876173786170175	True
PTSD	FE_STRICT	0.2854	0.0862	0.0009	0.0029	0.0046	0.0073	0.08617968277461162	True
PTSD	FE_MODE	0.2141	0.0783	0.0063	0.0034	0.0063	0.0073	0.07831130286041758	True
PTSD	GE	0.1667	0.0723	0.0212	0.0043	0.0063	0.0075	0.07234184230616955	True
PTSD	GE_STRICT	0.4254	0.39	0.2754	0.0007	-0.0013	0.0076	0.389989416045685	True
PTSD	GE_MODE	0.1574	0.0843	0.0618	0.0033	0.0031	0.0073	0.08430324892134389	True
PTSD	G6_SLEEPAPNO	0.3378	0.0287	0.0	0.0459	0.011	0.0093	0.028704523158454273	True
PTSD	G6_SLEEPAPNO_INCLAVO	0.3504	0.0282	0.0	0.0467	0.0076	0.0096	0.028245649981301565	True
PTSD	SLEEP	0.4012	0.0288	0.0	0.0408	0.0181	0.009	0.0287703136209562	True
PTSD	F5_INSOMNIA	0.4913	0.0715	0.0	0.0054	0.0176	0.007	0.07153961508292553	True
PTSD	KRA_PSY_SLEEP_NONORG_EXMORE	0.6161	0.0585	0.0	0.0103	0.0262	0.007	0.058538489078918836	True
PTSD	K11_CONSTIPATION	0.3874	0.0401	0.0	0.0138	0.0211	0.0077	0.04006743586152164	True
PTSD	K11_OTHFUNC	0.594	0.0571	0.0	0.0098	0.0083	0.0074	0.05710308116656351	True
PTSD	F5_ADHD	0.7935	0.0921	0.0	0.0054	0.016	0.0076	0.09209376229729738	True
PTSD	KRA_PSY_HYPERKIN_EXMORE	0.7908	0.0731	0.0	0.0102	0.0217	0.0079	0.07311039108417462	True
PTSD	F5_MILDRET				-0.0003	0.0096	0.0076		
PTSD	KRA_PSY_MENTALRET_EXMORE	0.4142	0.1686	0.014	0.0021	0.0082	0.0071	0.16856089204599545	True
PTSD	G6_STATUSEPI	0.4433	0.4037	0.2721	0.0008	0.0065	0.0071	0.40366881242260744	True
PTSD	G6_SLEEPDISOTH	0.6184	0.1295	0.0	0.0035	0.0035	0.0071	0.12951636319155999	True
PTSD	F5_SLEEP_NOS	0.4689	0.1575	0.0029	0.0018	0.0014	0.007	0.15754011655192482	True
PTSD	K11_IBS	0.4818	0.0498	0.0	0.0123	0.0091	0.0083	0.04978432229234763	True
PTSD	K11_FUNCDYSP	0.4671	0.0536	0.0	0.0078	0.0142	0.0071	0.053607280885122933	True
PTSD	K11_REFLUX	0.4414	0.0332	0.0	0.0224	0.017	0.0085	0.03315695321428661	True
PTSD	N14_NEUROMUSCDYSBLADD	0.4312	0.0839	0.0	0.0048	-0.0014	0.0068	0.08385744863790832	True
PTSD	N14_OTHBLADD	0.3961	0.1478	0.0074	0.0022	0.0017	0.0077	0.14777596171637178	True
PTSD	KRA_PSY_DEVWIDE_EXMORE	0.478	0.1143	0.0	0.0035	0.0042	0.0064	0.11429933634986147	True
PTSD	KRA_PSY_AUTISM_EXMORE	0.3787	0.0872	0.0	0.0043	0.0057	0.0065	0.08723714039742907	True
MDD_EHR	G6_EPLEPSY	0.3505	0.0476	0.0	0.0115	0.0178	0.0079	0.047636639158192676	True
MDD_EHR	FE	0.2917	0.0839	0.0005	0.0034	0.0116	0.0078	0.08393066676590472	True
MDD_EHR	FE_STRICT	0.3213	0.0942	0.0006	0.0029	0.0078	0.0077	0.09418483126259171	True
MDD_EHR	FE_MODE	0.2664	0.0839	0.0015	0.0034	0.007	0.008	0.08385642221421226	True
MDD_EHR	GE	0.1393	0.0737	0.0588	0.0043	0.0068	0.0076	0.07374736170357818	True
MDD_EHR	GE_STRICT	0.3822	0.3607	0.2893	0.0007	-0.0036	0.0075	0.3607262707578778	True
MDD_EHR	GE_MODE	0.1056	0.082	0.1982	0.0033	0.0051	0.0075	0.08204099154525038	True
MDD_EHR	G6_SLEEPAPNO	0.3622	0.0243	0.0	0.0459	0.0266	0.0088	0.02431932390228931	True
MDD_EHR	G6_SLEEPAPNO_INCLAVO	0.3697	0.0238	0.0	0.0467	0.0245	0.0088	0.023837809752878712	True
MDD_EHR	SLEEP	0.4337	0.0252	0.0	0.0408	0.0383	0.0088	0.02521713927570476	True
MDD_EHR	F5_INSOMNIA	0.5751	0.0741	0.0	0.0054	0.0343	0.0068	0.07412661603097614	True
MDD_EHR	KRA_PSY_SLEEP_NONORG_EXMORE	0.7126	0.0613	0.0	0.0103	0.0454	0.0074	0.06125148644716377	True
MDD_EHR	K11_CONSTIPATION	0.5108	0.0384	0.0	0.0138	0.0369	0.0083	0.03838932868368267	True
MDD_EHR	K11_OTHFUNC	0.5901	0.0539	0.0	0.0098	0.0294	0.0081	0.05388488205587304	True
MDD_EHR	F5_ADHD	0.7539	0.0854	0.0	0.0054	0.0249	0.0081	0.08541352110389648	True
MDD_EHR	KRA_PSY_HYPERKIN_EXMORE	0.7565	0.0665	0.0	0.0102	0.0354	0.0083	0.06648865606916678	True
MDD_EHR	F5_MILDRET				-0.0003	0.0069	0.0069		
MDD_EHR	KRA_PSY_MENTALRET_EXMORE	0.4962	0.1918	0.0097	0.0021	0.0104	0.0069	0.19181057834878587	True
MDD_EHR	G6_STATUSEPI	0.141	0.1928	0.4646	0.0008	0.0214	0.0069	0.19282751002946869	True
MDD_EHR	G6_SLEEPDISOTH	0.5919	0.1349	0.0	0.0035	0.0176	0.0071	0.134948339195427	True
MDD_EHR	F5_SLEEP_NOS	0.6198	0.2027	0.0022	0.0018	0.0034	0.0075	0.2026868423205257	True
MDD_EHR	K11_IBS	0.5716	0.0458	0.0	0.0123	0.0184	0.0078	0.04575930884837137	True
MDD_EHR	K11_FUNCDYSP	0.5483	0.0564	0.0	0.0078	0.0116	0.0076	0.0564490084773331	True
MDD_EHR	K11_REFLUX	0.4905	0.0289	0.0	0.0224	0.0222	0.0082	0.028877060620815416	True
MDD_EHR	N14_NEUROMUSCDYSBLADD	0.4414	0.0809	0.0	0.0048	0.0029	0.0075	0.08091638129961336	True
MDD_EHR	N14_OTHBLADD	0.3619	0.1337	0.0068	0.0022	0.0162	0.0072	0.13369789317297304	True
MDD_EHR	KRA_PSY_DEVWIDE_EXMORE	0.4046	0.1078	0.0002	0.0035	0.0212	0.0068	0.10780047153408912	True
MDD_EHR	KRA_PSY_AUTISM_EXMORE	0.2851	0.0776	0.0002	0.0043	0.0223	0.0067	0.07764977909048341	True
MDD_Clin	G6_EPLEPSY	0.1425	0.0892	0.11	0.0115	0.0122	0.0063	0.08919663299956354	True
MDD_Clin	FE	0.0682	0.1333	0.6089	0.0034	0.0064	0.0058	0.13325483495253493	True
MDD_Clin	FE_STRICT	0.0412	0.1507	0.7848	0.0029	0.0077	0.0059	0.15067235210340169	True
MDD_Clin	FE_MODE	0.0465	0.131	0.7226	0.0034	0.0059	0.006	0.1310167412350925	True
MDD_Clin	GE	0.068	0.1324	0.6079	0.0043	0.001	0.0062	0.13243060244122598	True
MDD_Clin	GE_STRICT	-0.0027	0.3387	0.9937	0.0007	0.0042	0.0062	0.33865335189466267	True
MDD_Clin	GE_MODE	0.0118	0.141	0.9333	0.0033	0.0042	0.0058	0.14098247796567756	True
MDD_Clin	G6_SLEEPAPNO	0.2759	0.0541	0.0	0.0459	0.0034	0.0081	0.054115594294343705	True
MDD_Clin	G6_SLEEPAPNO_INCLAVO	0.2781	0.054	0.0	0.0467	0.0021	0.0082	0.05403156997644508	True
MDD_Clin	SLEEP	0.315	0.0579	0.0	0.0408	0.008	0.0082	0.05788080178640153	True
MDD_Clin	F5_INSOMNIA	0.3841	0.1185	0.0012	0.0054	0.0076	0.0062	0.11846981781739699	True
MDD_Clin	KRA_PSY_SLEEP_NONORG_EXMORE	0.5625	0.1045	0.0	0.0103	0.0036	0.0066	0.10454157823339376	True
MDD_Clin	K11_CONSTIPATION	0.3769	0.0751	0.0	0.0138	0.0061	0.0071	0.07511785555992526	True
MDD_Clin	K11_OTHFUNC	0.4877	0.0956	0.0	0.0098	0.0027	0.0067	0.09563708262923064	True
MDD_Clin	F5_ADHD	0.6105	0.1272	0.0	0.0054	0.006	0.0069	0.12719459853606543	True
MDD_Clin	KRA_PSY_HYPERKIN_EXMORE	0.6363	0.1038	0.0	0.0102	0.0089	0.0072	0.10384031249980395	True
MDD_Clin	F5_MILDRET				-0.0003	0.0009	0.0057		
MDD_Clin	KRA_PSY_MENTALRET_EXMORE	0.2009	0.1885	0.2866	0.0021	0.0091	0.0058	0.18854976138050825	True
MDD_Clin	G6_STATUSEPI	0.3566	0.4235	0.3998	0.0008	0.0023	0.0062	0.4235160664639588	True
MDD_Clin	G6_SLEEPDISOTH	0.2589	0.1823	0.1555	0.0035	0.0137	0.0066	0.18229708729405922	True
MDD_Clin	F5_SLEEP_NOS	0.6181	0.2909	0.0336	0.0018	-0.0075	0.0063	0.29091776071990727	True
MDD_Clin	K11_IBS	0.4432	0.0855	0.0	0.0123	-0.0076	0.0064	0.08549327391218897	True
MDD_Clin	K11_FUNCDYSP	0.5001	0.1061	0.0	0.0078	-0.0019	0.0069	0.10613210577167836	True
MDD_Clin	K11_REFLUX	0.3629	0.069	0.0	0.0224	-0.0005	0.0071	0.06895516849727282	True
MDD_Clin	N14_NEUROMUSCDYSBLADD	0.3063	0.121	0.0114	0.0048	-0.0057	0.0055	0.1210424860653652	True
MDD_Clin	N14_OTHBLADD	0.1701	0.1859	0.3601	0.0022	0.0084	0.0061	0.18587068974283993	True
MDD_Clin	KRA_PSY_DEVWIDE_EXMORE	0.4486	0.1667	0.0071	0.0035	0.0036	0.0062	0.1666621392979034	True
MDD_Clin	KRA_PSY_AUTISM_EXMORE	0.4805	0.1577	0.0023	0.0043	-0.0032	0.006	0.15767985219220784	True
ASD	MDD_EHR	0.3186	0.0345	0.0	0.0497	0.0875	0.0082	0.03446493560754204	True
ASD	MDD_Clin	0.392	0.0719	0.0	0.0916	-0.0008	0.0066	0.07191433971248584	True
SCZ	MDD_EHR	0.3684	0.022	0.0	0.0497	0.0465	0.0106	0.02200672951624008	True
SCZ	MDD_Clin	0.3975	0.0407	0.0	0.0916	0.1216	0.0082	0.0407488170558182	True
BIP	MDD_EHR	0.4623	0.0234	0.0	0.0497	0.0585	0.0105	0.023429789018774072	True
BIP	MDD_Clin	0.4844	0.0454	0.0	0.0916	0.1203	0.0079	0.045442753215546035	True
PTSD	MDD_EHR	0.9068	0.0136	0.0	0.0497	0.2373	0.0122	0.01355175495585871	True
PTSD	MDD_Clin	0.7497	0.0528	0.0	0.0916	0.033	0.0085	0.0528112111809786	True
MDD_EHR	MDD_Clin	0.8863	0.0482	0.0	0.0916	0.0134	0.0093	0.04815228712780123	True
